image_id,street_name,captured_at,sequence_id,local_image_path,vlm_source,category,status,observation,confidence,confidence_is_uncalibrated,model,prompt_version,raw_response_path,manual_label,manual_note
1514293340184582,Bautzner Straße,2026-06-07T07:15:55.580000+00:00,TCA0I2cYk89lLFaDwpemt1,data/raw/mapillary/images/1514293340184582.jpg,valid_v2,sidewalk,visible,"A paved sidewalk runs along the right side of the road, bordered by trees and a curb.",0.95,True,nvidia/nemotron-3-nano-omni-30b-a3b-reasoning,b1-prompt-v2,data/raw/vlm/1514293340184582__b1-prompt-v2.json,,
1514293340184582,Bautzner Straße,2026-06-07T07:15:55.580000+00:00,TCA0I2cYk89lLFaDwpemt1,data/raw/mapillary/images/1514293340184582.jpg,valid_v2,roadway,visible,The roadway is a multi-lane asphalt street with tram tracks embedded in the surface.,0.98,True,nvidia/nemotron-3-nano-omni-30b-a3b-reasoning,b1-prompt-v2,data/raw/vlm/1514293340184582__b1-prompt-v2.json,,
1514293340184582,Bautzner Straße,2026-06-07T07:15:55.580000+00:00,TCA0I2cYk89lLFaDwpemt1,data/raw/mapillary/images/1514293340184582.jpg,valid_v2,curb,visible,A concrete curb separates the roadway from the sidewalk on the right side.,0.96,True,nvidia/nemotron-3-nano-omni-30b-a3b-reasoning,b1-prompt-v2,data/raw/vlm/1514293340184582__b1-prompt-v2.json,,
1514293340184582,Bautzner Straße,2026-06-07T07:15:55.580000+00:00,TCA0I2cYk89lLFaDwpemt1,data/raw/mapillary/images/1514293340184582.jpg,valid_v2,crossing,not_visible,No marked or physically defined pedestrian or cycle crossing is visible.,0.99,True,nvidia/nemotron-3-nano-omni-30b-a3b-reasoning,b1-prompt-v2,data/raw/vlm/1514293340184582__b1-prompt-v2.json,,
1514293340184582,Bautzner Straße,2026-06-07T07:15:55.580000+00:00,TCA0I2cYk89lLFaDwpemt1,data/raw/mapillary/images/1514293340184582.jpg,valid_v2,cycling_infrastructure,not_visible,"No dedicated cycling infrastructure, such as a cycle lane or track, is visible.",0.99,True,nvidia/nemotron-3-nano-omni-30b-a3b-reasoning,b1-prompt-v2,data/raw/vlm/1514293340184582__b1-prompt-v2.json,,
1514293340184582,Bautzner Straße,2026-06-07T07:15:55.580000+00:00,TCA0I2cYk89lLFaDwpemt1,data/raw/mapillary/images/1514293340184582.jpg,valid_v2,parking,visible,"A dark-colored vehicle is parked on the right side of the street, near the sidewalk.",0.94,True,nvidia/nemotron-3-nano-omni-30b-a3b-reasoning,b1-prompt-v2,data/raw/vlm/1514293340184582__b1-prompt-v2.json,,
1514293340184582,Bautzner Straße,2026-06-07T07:15:55.580000+00:00,TCA0I2cYk89lLFaDwpemt1,data/raw/mapillary/images/1514293340184582.jpg,valid_v2,trees_vegetation,visible,"Numerous mature trees with green foliage line both sides of the street, casting shadows on the road and sidewalk.",0.97,True,nvidia/nemotron-3-nano-omni-30b-a3b-reasoning,b1-prompt-v2,data/raw/vlm/1514293340184582__b1-prompt-v2.json,,
1514293340184582,Bautzner Straße,2026-06-07T07:15:55.580000+00:00,TCA0I2cYk89lLFaDwpemt1,data/raw/mapillary/images/1514293340184582.jpg,valid_v2,street_furniture,visible,"Benches are visible on the left sidewalk, and a trash bin is present near the trees.",0.92,True,nvidia/nemotron-3-nano-omni-30b-a3b-reasoning,b1-prompt-v2,data/raw/vlm/1514293340184582__b1-prompt-v2.json,,
1514293340184582,Bautzner Straße,2026-06-07T07:15:55.580000+00:00,TCA0I2cYk89lLFaDwpemt1,data/raw/mapillary/images/1514293340184582.jpg,valid_v2,lighting,not_visible,No physical street-lighting fixtures are visible in the image.,0.99,True,nvidia/nemotron-3-nano-omni-30b-a3b-reasoning,b1-prompt-v2,data/raw/vlm/1514293340184582__b1-prompt-v2.json,,
1514293340184582,Bautzner Straße,2026-06-07T07:15:55.580000+00:00,TCA0I2cYk89lLFaDwpemt1,data/raw/mapillary/images/1514293340184582.jpg,valid_v2,signage,not_visible,"No traffic, parking, street-name, or wayfinding signs are clearly visible.",0.98,True,nvidia/nemotron-3-nano-omni-30b-a3b-reasoning,b1-prompt-v2,data/raw/vlm/1514293340184582__b1-prompt-v2.json,,
1514293340184582,Bautzner Straße,2026-06-07T07:15:55.580000+00:00,TCA0I2cYk89lLFaDwpemt1,data/raw/mapillary/images/1514293340184582.jpg,valid_v2,barriers,not_visible,"No guardrails, fences, or barrier posts are visible.",0.99,True,nvidia/nemotron-3-nano-omni-30b-a3b-reasoning,b1-prompt-v2,data/raw/vlm/1514293340184582__b1-prompt-v2.json,,
1514293340184582,Bautzner Straße,2026-06-07T07:15:55.580000+00:00,TCA0I2cYk89lLFaDwpemt1,data/raw/mapillary/images/1514293340184582.jpg,valid_v2,public_transport,visible,A yellow tram is visible in the distance on the left side of the roadway.,0.96,True,nvidia/nemotron-3-nano-omni-30b-a3b-reasoning,b1-prompt-v2,data/raw/vlm/1514293340184582__b1-prompt-v2.json,,
1514293340184582,Bautzner Straße,2026-06-07T07:15:55.580000+00:00,TCA0I2cYk89lLFaDwpemt1,data/raw/mapillary/images/1514293340184582.jpg,valid_v2,building_frontage,visible,Multi-story buildings with ground-floor facades line both sides of the street.,0.95,True,nvidia/nemotron-3-nano-omni-30b-a3b-reasoning,b1-prompt-v2,data/raw/vlm/1514293340184582__b1-prompt-v2.json,,
1514293340184582,Bautzner Straße,2026-06-07T07:15:55.580000+00:00,TCA0I2cYk89lLFaDwpemt1,data/raw/mapillary/images/1514293340184582.jpg,valid_v2,pedestrians,not_visible,No pedestrians are visible in the street space.,0.99,True,nvidia/nemotron-3-nano-omni-30b-a3b-reasoning,b1-prompt-v2,data/raw/vlm/1514293340184582__b1-prompt-v2.json,,
1514293340184582,Bautzner Straße,2026-06-07T07:15:55.580000+00:00,TCA0I2cYk89lLFaDwpemt1,data/raw/mapillary/images/1514293340184582.jpg,valid_v2,cyclists,not_visible,No cyclists are visible in the image.,0.99,True,nvidia/nemotron-3-nano-omni-30b-a3b-reasoning,b1-prompt-v2,data/raw/vlm/1514293340184582__b1-prompt-v2.json,,
1514293340184582,Bautzner Straße,2026-06-07T07:15:55.580000+00:00,TCA0I2cYk89lLFaDwpemt1,data/raw/mapillary/images/1514293340184582.jpg,valid_v2,motor_vehicles,visible,"A red car is driving in the distance, and a dark vehicle is parked on the right side.",0.97,True,nvidia/nemotron-3-nano-omni-30b-a3b-reasoning,b1-prompt-v2,data/raw/vlm/1514293340184582__b1-prompt-v2.json,,
2302498470581445,Alaunstraße,2026-05-08T18:03:09+00:00,YaOPgjKRlxrk5Bt7IhHo0E,data/raw/mapillary/images/2302498470581445.jpg,valid_v2,sidewalk,visible,"Paved pedestrian surface on the right side of the street, adjacent to the roadway.",0.95,True,nvidia/nemotron-3-nano-omni-30b-a3b-reasoning,b1-prompt-v2,data/raw/vlm/2302498470581445__b1-prompt-v2.json,,
2302498470581445,Alaunstraße,2026-05-08T18:03:09+00:00,YaOPgjKRlxrk5Bt7IhHo0E,data/raw/mapillary/images/2302498470581445.jpg,valid_v2,roadway,visible,"Asphalt surface of the street, extending into the distance.",0.98,True,nvidia/nemotron-3-nano-omni-30b-a3b-reasoning,b1-prompt-v2,data/raw/vlm/2302498470581445__b1-prompt-v2.json,,
2302498470581445,Alaunstraße,2026-05-08T18:03:09+00:00,YaOPgjKRlxrk5Bt7IhHo0E,data/raw/mapillary/images/2302498470581445.jpg,valid_v2,curb,visible,Clearly visible raised edge separating the roadway from the sidewalk on both sides.,0.97,True,nvidia/nemotron-3-nano-omni-30b-a3b-reasoning,b1-prompt-v2,data/raw/vlm/2302498470581445__b1-prompt-v2.json,,
2302498470581445,Alaunstraße,2026-05-08T18:03:09+00:00,YaOPgjKRlxrk5Bt7IhHo0E,data/raw/mapillary/images/2302498470581445.jpg,valid_v2,crossing,not_visible,No marked or physically defined pedestrian/cycle crossing is visible.,0.99,True,nvidia/nemotron-3-nano-omni-30b-a3b-reasoning,b1-prompt-v2,data/raw/vlm/2302498470581445__b1-prompt-v2.json,,
2302498470581445,Alaunstraße,2026-05-08T18:03:09+00:00,YaOPgjKRlxrk5Bt7IhHo0E,data/raw/mapillary/images/2302498470581445.jpg,valid_v2,cycling_infrastructure,not_visible,"No dedicated cycling infrastructure such as lanes, tracks, or markings is visible.",0.98,True,nvidia/nemotron-3-nano-omni-30b-a3b-reasoning,b1-prompt-v2,data/raw/vlm/2302498470581445__b1-prompt-v2.json,,
2302498470581445,Alaunstraße,2026-05-08T18:03:09+00:00,YaOPgjKRlxrk5Bt7IhHo0E,data/raw/mapillary/images/2302498470581445.jpg,valid_v2,parking,visible,Multiple vehicles are parked along both sides of the street at the curb.,0.96,True,nvidia/nemotron-3-nano-omni-30b-a3b-reasoning,b1-prompt-v2,data/raw/vlm/2302498470581445__b1-prompt-v2.json,,
2302498470581445,Alaunstraße,2026-05-08T18:03:09+00:00,YaOPgjKRlxrk5Bt7IhHo0E,data/raw/mapillary/images/2302498470581445.jpg,valid_v2,trees_vegetation,not_visible,"No trees, shrubs, or other greenery are visible in the image.",0.99,True,nvidia/nemotron-3-nano-omni-30b-a3b-reasoning,b1-prompt-v2,data/raw/vlm/2302498470581445__b1-prompt-v2.json,,
2302498470581445,Alaunstraße,2026-05-08T18:03:09+00:00,YaOPgjKRlxrk5Bt7IhHo0E,data/raw/mapillary/images/2302498470581445.jpg,valid_v2,street_furniture,visible,"A metal fence runs along the sidewalk on the right, and a bicycle rack is visible near a parked car on the left.",0.94,True,nvidia/nemotron-3-nano-omni-30b-a3b-reasoning,b1-prompt-v2,data/raw/vlm/2302498470581445__b1-prompt-v2.json,,
2302498470581445,Alaunstraße,2026-05-08T18:03:09+00:00,YaOPgjKRlxrk5Bt7IhHo0E,data/raw/mapillary/images/2302498470581445.jpg,valid_v2,lighting,visible,Street lamps are mounted on poles and attached to buildings along the street.,0.95,True,nvidia/nemotron-3-nano-omni-30b-a3b-reasoning,b1-prompt-v2,data/raw/vlm/2302498470581445__b1-prompt-v2.json,,
2302498470581445,Alaunstraße,2026-05-08T18:03:09+00:00,YaOPgjKRlxrk5Bt7IhHo0E,data/raw/mapillary/images/2302498470581445.jpg,valid_v2,signage,visible,"A blue circular sign with a red border and diagonal line is visible on the left, indicating no stopping.",0.97,True,nvidia/nemotron-3-nano-omni-30b-a3b-reasoning,b1-prompt-v2,data/raw/vlm/2302498470581445__b1-prompt-v2.json,,
2302498470581445,Alaunstraße,2026-05-08T18:03:09+00:00,YaOPgjKRlxrk5Bt7IhHo0E,data/raw/mapillary/images/2302498470581445.jpg,valid_v2,barriers,visible,A metal fence acts as a barrier along the sidewalk on the right side.,0.96,True,nvidia/nemotron-3-nano-omni-30b-a3b-reasoning,b1-prompt-v2,data/raw/vlm/2302498470581445__b1-prompt-v2.json,,
2302498470581445,Alaunstraße,2026-05-08T18:03:09+00:00,YaOPgjKRlxrk5Bt7IhHo0E,data/raw/mapillary/images/2302498470581445.jpg,valid_v2,public_transport,not_visible,"No trams, buses, tram tracks, or related public transport infrastructure are visible.",0.99,True,nvidia/nemotron-3-nano-omni-30b-a3b-reasoning,b1-prompt-v2,data/raw/vlm/2302498470581445__b1-prompt-v2.json,,
2302498470581445,Alaunstraße,2026-05-08T18:03:09+00:00,YaOPgjKRlxrk5Bt7IhHo0E,data/raw/mapillary/images/2302498470581445.jpg,valid_v2,building_frontage,visible,Multi-story buildings with varied facades line both sides of the street.,0.98,True,nvidia/nemotron-3-nano-omni-30b-a3b-reasoning,b1-prompt-v2,data/raw/vlm/2302498470581445__b1-prompt-v2.json,,
2302498470581445,Alaunstraße,2026-05-08T18:03:09+00:00,YaOPgjKRlxrk5Bt7IhHo0E,data/raw/mapillary/images/2302498470581445.jpg,valid_v2,pedestrians,not_visible,No pedestrians are visible in the street or on the sidewalks.,0.99,True,nvidia/nemotron-3-nano-omni-30b-a3b-reasoning,b1-prompt-v2,data/raw/vlm/2302498470581445__b1-prompt-v2.json,,
2302498470581445,Alaunstraße,2026-05-08T18:03:09+00:00,YaOPgjKRlxrk5Bt7IhHo0E,data/raw/mapillary/images/2302498470581445.jpg,valid_v2,cyclists,not_visible,No other cyclists are visible in the image.,0.99,True,nvidia/nemotron-3-nano-omni-30b-a3b-reasoning,b1-prompt-v2,data/raw/vlm/2302498470581445__b1-prompt-v2.json,,
2302498470581445,Alaunstraße,2026-05-08T18:03:09+00:00,YaOPgjKRlxrk5Bt7IhHo0E,data/raw/mapillary/images/2302498470581445.jpg,valid_v2,motor_vehicles,visible,"Several motor vehicles, including cars and a van, are parked along the street.",0.97,True,nvidia/nemotron-3-nano-omni-30b-a3b-reasoning,b1-prompt-v2,data/raw/vlm/2302498470581445__b1-prompt-v2.json,,
379860519858209,Julie-Salinger-Weg,2018-03-30T17:46:35+00:00,pbvwucosz3rk76bv86gel7,data/raw/mapillary/images/379860519858209.jpg,valid_v2,sidewalk,visible,Cobblestone sidewalk is visible in the foreground and middle ground.,0.95,True,nvidia/nemotron-3-nano-omni-30b-a3b-reasoning,b1-prompt-v2,data/raw/vlm/379860519858209__b1-prompt-v2.json,,
379860519858209,Julie-Salinger-Weg,2018-03-30T17:46:35+00:00,pbvwucosz3rk76bv86gel7,data/raw/mapillary/images/379860519858209.jpg,valid_v2,roadway,visible,Cobblestone roadway is visible in the foreground and middle ground.,0.95,True,nvidia/nemotron-3-nano-omni-30b-a3b-reasoning,b1-prompt-v2,data/raw/vlm/379860519858209__b1-prompt-v2.json,,
379860519858209,Julie-Salinger-Weg,2018-03-30T17:46:35+00:00,pbvwucosz3rk76bv86gel7,data/raw/mapillary/images/379860519858209.jpg,valid_v2,curb,visible,A raised curb is visible along the edge of the sidewalk on the left.,0.9,True,nvidia/nemotron-3-nano-omni-30b-a3b-reasoning,b1-prompt-v2,data/raw/vlm/379860519858209__b1-prompt-v2.json,,
379860519858209,Julie-Salinger-Weg,2018-03-30T17:46:35+00:00,pbvwucosz3rk76bv86gel7,data/raw/mapillary/images/379860519858209.jpg,valid_v2,crossing,not_visible,No marked or physically defined pedestrian/cycle crossing is visible.,0.95,True,nvidia/nemotron-3-nano-omni-30b-a3b-reasoning,b1-prompt-v2,data/raw/vlm/379860519858209__b1-prompt-v2.json,,
379860519858209,Julie-Salinger-Weg,2018-03-30T17:46:35+00:00,pbvwucosz3rk76bv86gel7,data/raw/mapillary/images/379860519858209.jpg,valid_v2,cycling_infrastructure,not_visible,No dedicated cycling infrastructure such as lanes or racks is visible.,0.95,True,nvidia/nemotron-3-nano-omni-30b-a3b-reasoning,b1-prompt-v2,data/raw/vlm/379860519858209__b1-prompt-v2.json,,
379860519858209,Julie-Salinger-Weg,2018-03-30T17:46:35+00:00,pbvwucosz3rk76bv86gel7,data/raw/mapillary/images/379860519858209.jpg,valid_v2,parking,not_visible,No marked parking spaces or parked vehicles are visible.,0.95,True,nvidia/nemotron-3-nano-omni-30b-a3b-reasoning,b1-prompt-v2,data/raw/vlm/379860519858209__b1-prompt-v2.json,,
379860519858209,Julie-Salinger-Weg,2018-03-30T17:46:35+00:00,pbvwucosz3rk76bv86gel7,data/raw/mapillary/images/379860519858209.jpg,valid_v2,trees_vegetation,not_visible,"No trees, shrubs, or other vegetation are visible.",0.95,True,nvidia/nemotron-3-nano-omni-30b-a3b-reasoning,b1-prompt-v2,data/raw/vlm/379860519858209__b1-prompt-v2.json,,
379860519858209,Julie-Salinger-Weg,2018-03-30T17:46:35+00:00,pbvwucosz3rk76bv86gel7,data/raw/mapillary/images/379860519858209.jpg,valid_v2,street_furniture,not_visible,"No benches, bins, or other street furniture is visible.",0.95,True,nvidia/nemotron-3-nano-omni-30b-a3b-reasoning,b1-prompt-v2,data/raw/vlm/379860519858209__b1-prompt-v2.json,,
379860519858209,Julie-Salinger-Weg,2018-03-30T17:46:35+00:00,pbvwucosz3rk76bv86gel7,data/raw/mapillary/images/379860519858209.jpg,valid_v2,lighting,not_visible,No physical street-lighting fixtures are visible.,0.95,True,nvidia/nemotron-3-nano-omni-30b-a3b-reasoning,b1-prompt-v2,data/raw/vlm/379860519858209__b1-prompt-v2.json,,
379860519858209,Julie-Salinger-Weg,2018-03-30T17:46:35+00:00,pbvwucosz3rk76bv86gel7,data/raw/mapillary/images/379860519858209.jpg,valid_v2,signage,visible,"A blue street name sign is visible on the right wall, and a yellow vertical sign is on the building.",0.9,True,nvidia/nemotron-3-nano-omni-30b-a3b-reasoning,b1-prompt-v2,data/raw/vlm/379860519858209__b1-prompt-v2.json,,
379860519858209,Julie-Salinger-Weg,2018-03-30T17:46:35+00:00,pbvwucosz3rk76bv86gel7,data/raw/mapillary/images/379860519858209.jpg,valid_v2,barriers,not_visible,"No guardrails, fences, or barriers are visible.",0.95,True,nvidia/nemotron-3-nano-omni-30b-a3b-reasoning,b1-prompt-v2,data/raw/vlm/379860519858209__b1-prompt-v2.json,,
379860519858209,Julie-Salinger-Weg,2018-03-30T17:46:35+00:00,pbvwucosz3rk76bv86gel7,data/raw/mapillary/images/379860519858209.jpg,valid_v2,public_transport,not_visible,"No trams, buses, or rail vehicles are visible.",0.95,True,nvidia/nemotron-3-nano-omni-30b-a3b-reasoning,b1-prompt-v2,data/raw/vlm/379860519858209__b1-prompt-v2.json,,
379860519858209,Julie-Salinger-Weg,2018-03-30T17:46:35+00:00,pbvwucosz3rk76bv86gel7,data/raw/mapillary/images/379860519858209.jpg,valid_v2,building_frontage,visible,"Multiple building facades are visible, including a modern dark building on the left and older multi-story buildings in the background.",0.95,True,nvidia/nemotron-3-nano-omni-30b-a3b-reasoning,b1-prompt-v2,data/raw/vlm/379860519858209__b1-prompt-v2.json,,
379860519858209,Julie-Salinger-Weg,2018-03-30T17:46:35+00:00,pbvwucosz3rk76bv86gel7,data/raw/mapillary/images/379860519858209.jpg,valid_v2,pedestrians,visible,"A person is walking on the sidewalk on the left, pushing a bicycle.",0.95,True,nvidia/nemotron-3-nano-omni-30b-a3b-reasoning,b1-prompt-v2,data/raw/vlm/379860519858209__b1-prompt-v2.json,,
379860519858209,Julie-Salinger-Weg,2018-03-30T17:46:35+00:00,pbvwucosz3rk76bv86gel7,data/raw/mapillary/images/379860519858209.jpg,valid_v2,cyclists,visible,A person is riding a bicycle in the middle ground on the right.,0.95,True,nvidia/nemotron-3-nano-omni-30b-a3b-reasoning,b1-prompt-v2,data/raw/vlm/379860519858209__b1-prompt-v2.json,,
379860519858209,Julie-Salinger-Weg,2018-03-30T17:46:35+00:00,pbvwucosz3rk76bv86gel7,data/raw/mapillary/images/379860519858209.jpg,valid_v2,motor_vehicles,not_visible,No motor vehicles are visible in the image.,0.95,True,nvidia/nemotron-3-nano-omni-30b-a3b-reasoning,b1-prompt-v2,data/raw/vlm/379860519858209__b1-prompt-v2.json,,
2653450758168746,Rothenburger Straße,2024-02-19T14:48:51.814000+00:00,yzPam92AYDpWRwk6viuSV1,data/raw/mapillary/images/2653450758168746.jpg,recovered_v2,sidewalk,visible,A cobblestone sidewalk runs along the corner of the building on the left and extends down the street.,0.95,True,nvidia/nemotron-3-nano-omni-30b-a3b-reasoning,b1-prompt-v2,data/raw/vlm/2653450758168746__b1-prompt-v2.json,,
2653450758168746,Rothenburger Straße,2024-02-19T14:48:51.814000+00:00,yzPam92AYDpWRwk6viuSV1,data/raw/mapillary/images/2653450758168746.jpg,recovered_v2,roadway,visible,"The dark, wet asphalt roadway occupies the foreground and extends into the middle ground.",0.98,True,nvidia/nemotron-3-nano-omni-30b-a3b-reasoning,b1-prompt-v2,data/raw/vlm/2653450758168746__b1-prompt-v2.json,,
2653450758168746,Rothenburger Straße,2024-02-19T14:48:51.814000+00:00,yzPam92AYDpWRwk6viuSV1,data/raw/mapillary/images/2653450758168746.jpg,recovered_v2,curb,visible,A raised curb separates the sidewalk from the roadway at the corner and along the street.,0.96,True,nvidia/nemotron-3-nano-omni-30b-a3b-reasoning,b1-prompt-v2,data/raw/vlm/2653450758168746__b1-prompt-v2.json,,
2653450758168746,Rothenburger Straße,2024-02-19T14:48:51.814000+00:00,yzPam92AYDpWRwk6viuSV1,data/raw/mapillary/images/2653450758168746.jpg,recovered_v2,crossing,visible,A marked pedestrian crossing with white stripes is visible on the road in the foreground.,0.97,True,nvidia/nemotron-3-nano-omni-30b-a3b-reasoning,b1-prompt-v2,data/raw/vlm/2653450758168746__b1-prompt-v2.json,,
2653450758168746,Rothenburger Straße,2024-02-19T14:48:51.814000+00:00,yzPam92AYDpWRwk6viuSV1,data/raw/mapillary/images/2653450758168746.jpg,recovered_v2,cycling_infrastructure,visible,A red-painted section of the road with a white bicycle symbol indicates a cycle lane.,0.94,True,nvidia/nemotron-3-nano-omni-30b-a3b-reasoning,b1-prompt-v2,data/raw/vlm/2653450758168746__b1-prompt-v2.json,,
2653450758168746,Rothenburger Straße,2024-02-19T14:48:51.814000+00:00,yzPam92AYDpWRwk6viuSV1,data/raw/mapillary/images/2653450758168746.jpg,recovered_v2,parking,not_visible,No clearly marked parking spaces or parked vehicles are visible.,0.98,True,nvidia/nemotron-3-nano-omni-30b-a3b-reasoning,b1-prompt-v2,data/raw/vlm/2653450758168746__b1-prompt-v2.json,,
2653450758168746,Rothenburger Straße,2024-02-19T14:48:51.814000+00:00,yzPam92AYDpWRwk6viuSV1,data/raw/mapillary/images/2653450758168746.jpg,recovered_v2,trees_vegetation,visible,A few bare trees are visible along the sidewalk on the right side of the street.,0.92,True,nvidia/nemotron-3-nano-omni-30b-a3b-reasoning,b1-prompt-v2,data/raw/vlm/2653450758168746__b1-prompt-v2.json,,
2653450758168746,Rothenburger Straße,2024-02-19T14:48:51.814000+00:00,yzPam92AYDpWRwk6viuSV1,data/raw/mapillary/images/2653450758168746.jpg,recovered_v2,street_furniture,visible,A traffic light pole with a pedestrian signal is visible on the sidewalk corner.,0.96,True,nvidia/nemotron-3-nano-omni-30b-a3b-reasoning,b1-prompt-v2,data/raw/vlm/2653450758168746__b1-prompt-v2.json,,
2653450758168746,Rothenburger Straße,2024-02-19T14:48:51.814000+00:00,yzPam92AYDpWRwk6viuSV1,data/raw/mapillary/images/2653450758168746.jpg,recovered_v2,lighting,not_visible,No physical street-lighting fixtures are clearly visible in this view.,0.95,True,nvidia/nemotron-3-nano-omni-30b-a3b-reasoning,b1-prompt-v2,data/raw/vlm/2653450758168746__b1-prompt-v2.json,,
2653450758168746,Rothenburger Straße,2024-02-19T14:48:51.814000+00:00,yzPam92AYDpWRwk6viuSV1,data/raw/mapillary/images/2653450758168746.jpg,recovered_v2,signage,visible,A sign for 'Schwarzdian' is visible above the shop entrance on the corner building.,0.97,True,nvidia/nemotron-3-nano-omni-30b-a3b-reasoning,b1-prompt-v2,data/raw/vlm/2653450758168746__b1-prompt-v2.json,,
2653450758168746,Rothenburger Straße,2024-02-19T14:48:51.814000+00:00,yzPam92AYDpWRwk6viuSV1,data/raw/mapillary/images/2653450758168746.jpg,recovered_v2,barriers,not_visible,"No guardrails, fences, or barrier posts are visible in the image.",0.98,True,nvidia/nemotron-3-nano-omni-30b-a3b-reasoning,b1-prompt-v2,data/raw/vlm/2653450758168746__b1-prompt-v2.json,,
2653450758168746,Rothenburger Straße,2024-02-19T14:48:51.814000+00:00,yzPam92AYDpWRwk6viuSV1,data/raw/mapillary/images/2653450758168746.jpg,recovered_v2,public_transport,visible,A yellow bus is visible in the distance on the road.,0.96,True,nvidia/nemotron-3-nano-omni-30b-a3b-reasoning,b1-prompt-v2,data/raw/vlm/2653450758168746__b1-prompt-v2.json,,
2653450758168746,Rothenburger Straße,2024-02-19T14:48:51.814000+00:00,yzPam92AYDpWRwk6viuSV1,data/raw/mapillary/images/2653450758168746.jpg,recovered_v2,building_frontage,visible,The corner building with ornate stonework and the row of buildings on the right form the building frontage.,0.99,True,nvidia/nemotron-3-nano-omni-30b-a3b-reasoning,b1-prompt-v2,data/raw/vlm/2653450758168746__b1-prompt-v2.json,,
2653450758168746,Rothenburger Straße,2024-02-19T14:48:51.814000+00:00,yzPam92AYDpWRwk6viuSV1,data/raw/mapillary/images/2653450758168746.jpg,recovered_v2,pedestrians,visible,Two pedestrians are walking on the sidewalk in the middle ground.,0.95,True,nvidia/nemotron-3-nano-omni-30b-a3b-reasoning,b1-prompt-v2,data/raw/vlm/2653450758168746__b1-prompt-v2.json,,
2653450758168746,Rothenburger Straße,2024-02-19T14:48:51.814000+00:00,yzPam92AYDpWRwk6viuSV1,data/raw/mapillary/images/2653450758168746.jpg,recovered_v2,cyclists,not_visible,No cyclists are visible in the image.,0.98,True,nvidia/nemotron-3-nano-omni-30b-a3b-reasoning,b1-prompt-v2,data/raw/vlm/2653450758168746__b1-prompt-v2.json,,
2653450758168746,Rothenburger Straße,2024-02-19T14:48:51.814000+00:00,yzPam92AYDpWRwk6viuSV1,data/raw/mapillary/images/2653450758168746.jpg,recovered_v2,motor_vehicles,visible,"A yellow bus is visible in the distance, and a white car is parked or stopped further down the street.",0.96,True,nvidia/nemotron-3-nano-omni-30b-a3b-reasoning,b1-prompt-v2,data/raw/vlm/2653450758168746__b1-prompt-v2.json,,
165972105432341,Martin-Luther-Straße,2017-01-23T07:52:46.505000+00:00,jos5tTSU9Xa14GKg4hAZ-Q,data/raw/mapillary/images/165972105432341.jpg,valid_v2,sidewalk,visible,"A paved sidewalk runs along the left side of the street, adjacent to the buildings.",0.95,True,nvidia/nemotron-3-nano-omni-30b-a3b-reasoning,b1-prompt-v2,data/raw/vlm/165972105432341__b1-prompt-v2.json,,
165972105432341,Martin-Luther-Straße,2017-01-23T07:52:46.505000+00:00,jos5tTSU9Xa14GKg4hAZ-Q,data/raw/mapillary/images/165972105432341.jpg,valid_v2,roadway,visible,"The roadway is a narrow, paved street with visible tire tracks and patches of snow.",0.98,True,nvidia/nemotron-3-nano-omni-30b-a3b-reasoning,b1-prompt-v2,data/raw/vlm/165972105432341__b1-prompt-v2.json,,
165972105432341,Martin-Luther-Straße,2017-01-23T07:52:46.505000+00:00,jos5tTSU9Xa14GKg4hAZ-Q,data/raw/mapillary/images/165972105432341.jpg,valid_v2,curb,visible,A raised curb separates the roadway from the sidewalk on the left and from the parked vehicles on the right.,0.97,True,nvidia/nemotron-3-nano-omni-30b-a3b-reasoning,b1-prompt-v2,data/raw/vlm/165972105432341__b1-prompt-v2.json,,
165972105432341,Martin-Luther-Straße,2017-01-23T07:52:46.505000+00:00,jos5tTSU9Xa14GKg4hAZ-Q,data/raw/mapillary/images/165972105432341.jpg,valid_v2,crossing,not_visible,No marked or physically defined pedestrian crossing is visible in the image.,1.0,True,nvidia/nemotron-3-nano-omni-30b-a3b-reasoning,b1-prompt-v2,data/raw/vlm/165972105432341__b1-prompt-v2.json,,
165972105432341,Martin-Luther-Straße,2017-01-23T07:52:46.505000+00:00,jos5tTSU9Xa14GKg4hAZ-Q,data/raw/mapillary/images/165972105432341.jpg,valid_v2,cycling_infrastructure,not_visible,"No cycling infrastructure, such as lanes or racks, is visible in the image.",1.0,True,nvidia/nemotron-3-nano-omni-30b-a3b-reasoning,b1-prompt-v2,data/raw/vlm/165972105432341__b1-prompt-v2.json,,
165972105432341,Martin-Luther-Straße,2017-01-23T07:52:46.505000+00:00,jos5tTSU9Xa14GKg4hAZ-Q,data/raw/mapillary/images/165972105432341.jpg,valid_v2,parking,visible,"Several vehicles are parked along the right side of the street, indicating parking is present.",0.96,True,nvidia/nemotron-3-nano-omni-30b-a3b-reasoning,b1-prompt-v2,data/raw/vlm/165972105432341__b1-prompt-v2.json,,
165972105432341,Martin-Luther-Straße,2017-01-23T07:52:46.505000+00:00,jos5tTSU9Xa14GKg4hAZ-Q,data/raw/mapillary/images/165972105432341.jpg,valid_v2,trees_vegetation,visible,"A leafless tree is visible on the right side of the street, with some vegetation on the building facade.",0.94,True,nvidia/nemotron-3-nano-omni-30b-a3b-reasoning,b1-prompt-v2,data/raw/vlm/165972105432341__b1-prompt-v2.json,,
165972105432341,Martin-Luther-Straße,2017-01-23T07:52:46.505000+00:00,jos5tTSU9Xa14GKg4hAZ-Q,data/raw/mapillary/images/165972105432341.jpg,valid_v2,street_furniture,not_visible,"No street furniture such as benches, bins, or bollards is visible in the image.",1.0,True,nvidia/nemotron-3-nano-omni-30b-a3b-reasoning,b1-prompt-v2,data/raw/vlm/165972105432341__b1-prompt-v2.json,,
165972105432341,Martin-Luther-Straße,2017-01-23T07:52:46.505000+00:00,jos5tTSU9Xa14GKg4hAZ-Q,data/raw/mapillary/images/165972105432341.jpg,valid_v2,lighting,not_visible,No physical street-lighting fixtures are visible in the image.,1.0,True,nvidia/nemotron-3-nano-omni-30b-a3b-reasoning,b1-prompt-v2,data/raw/vlm/165972105432341__b1-prompt-v2.json,,
165972105432341,Martin-Luther-Straße,2017-01-23T07:52:46.505000+00:00,jos5tTSU9Xa14GKg4hAZ-Q,data/raw/mapillary/images/165972105432341.jpg,valid_v2,signage,visible,"A dark, oval-shaped sign hangs on the yellow building on the left, and a small red sign is visible further down the street.",0.92,True,nvidia/nemotron-3-nano-omni-30b-a3b-reasoning,b1-prompt-v2,data/raw/vlm/165972105432341__b1-prompt-v2.json,,
165972105432341,Martin-Luther-Straße,2017-01-23T07:52:46.505000+00:00,jos5tTSU9Xa14GKg4hAZ-Q,data/raw/mapillary/images/165972105432341.jpg,valid_v2,barriers,not_visible,"No barriers, guardrails, or fences are visible in the image.",1.0,True,nvidia/nemotron-3-nano-omni-30b-a3b-reasoning,b1-prompt-v2,data/raw/vlm/165972105432341__b1-prompt-v2.json,,
165972105432341,Martin-Luther-Straße,2017-01-23T07:52:46.505000+00:00,jos5tTSU9Xa14GKg4hAZ-Q,data/raw/mapillary/images/165972105432341.jpg,valid_v2,public_transport,not_visible,"No trams, buses, or tram tracks are visible in the image.",1.0,True,nvidia/nemotron-3-nano-omni-30b-a3b-reasoning,b1-prompt-v2,data/raw/vlm/165972105432341__b1-prompt-v2.json,,
165972105432341,Martin-Luther-Straße,2017-01-23T07:52:46.505000+00:00,jos5tTSU9Xa14GKg4hAZ-Q,data/raw/mapillary/images/165972105432341.jpg,valid_v2,building_frontage,visible,"Multi-story buildings with varied facades line both sides of the street, forming a continuous urban streetscape.",0.98,True,nvidia/nemotron-3-nano-omni-30b-a3b-reasoning,b1-prompt-v2,data/raw/vlm/165972105432341__b1-prompt-v2.json,,
165972105432341,Martin-Luther-Straße,2017-01-23T07:52:46.505000+00:00,jos5tTSU9Xa14GKg4hAZ-Q,data/raw/mapillary/images/165972105432341.jpg,valid_v2,pedestrians,visible,A single pedestrian is walking away from the camera on the left sidewalk.,0.95,True,nvidia/nemotron-3-nano-omni-30b-a3b-reasoning,b1-prompt-v2,data/raw/vlm/165972105432341__b1-prompt-v2.json,,
165972105432341,Martin-Luther-Straße,2017-01-23T07:52:46.505000+00:00,jos5tTSU9Xa14GKg4hAZ-Q,data/raw/mapillary/images/165972105432341.jpg,valid_v2,cyclists,not_visible,No cyclists are visible in the image.,1.0,True,nvidia/nemotron-3-nano-omni-30b-a3b-reasoning,b1-prompt-v2,data/raw/vlm/165972105432341__b1-prompt-v2.json,,
165972105432341,Martin-Luther-Straße,2017-01-23T07:52:46.505000+00:00,jos5tTSU9Xa14GKg4hAZ-Q,data/raw/mapillary/images/165972105432341.jpg,valid_v2,motor_vehicles,visible,"A white van is in the immediate foreground on the right, a blue van and a blue car are parked along the right curb, and other vehicles are visible further down the street.",0.97,True,nvidia/nemotron-3-nano-omni-30b-a3b-reasoning,b1-prompt-v2,data/raw/vlm/165972105432341__b1-prompt-v2.json,,
171189792068571,,2022-08-10T15:42:08.355000+00:00,ilxAa4vqKMJZec3Ygw1khC,data/raw/mapillary/images/171189792068571.jpg,valid_v2,sidewalk,visible,A paved walkway with grey tiles and a central cobblestone strip runs through the covered corridor.,0.95,True,nvidia/nemotron-3-nano-omni-30b-a3b-reasoning,b1-prompt-v2,data/raw/vlm/171189792068571__b1-prompt-v2.json,,
171189792068571,,2022-08-10T15:42:08.355000+00:00,ilxAa4vqKMJZec3Ygw1khC,data/raw/mapillary/images/171189792068571.jpg,valid_v2,roadway,visible,"A paved roadway is visible at the end of the corridor, with a black car parked on it.",0.95,True,nvidia/nemotron-3-nano-omni-30b-a3b-reasoning,b1-prompt-v2,data/raw/vlm/171189792068571__b1-prompt-v2.json,,
171189792068571,,2022-08-10T15:42:08.355000+00:00,ilxAa4vqKMJZec3Ygw1khC,data/raw/mapillary/images/171189792068571.jpg,valid_v2,curb,visible,A curb separates the roadway from the sidewalk area at the end of the corridor.,0.95,True,nvidia/nemotron-3-nano-omni-30b-a3b-reasoning,b1-prompt-v2,data/raw/vlm/171189792068571__b1-prompt-v2.json,,
171189792068571,,2022-08-10T15:42:08.355000+00:00,ilxAa4vqKMJZec3Ygw1khC,data/raw/mapillary/images/171189792068571.jpg,valid_v2,crossing,not_visible,No marked or physically defined pedestrian or cycle crossing is visible.,0.95,True,nvidia/nemotron-3-nano-omni-30b-a3b-reasoning,b1-prompt-v2,data/raw/vlm/171189792068571__b1-prompt-v2.json,,
171189792068571,,2022-08-10T15:42:08.355000+00:00,ilxAa4vqKMJZec3Ygw1khC,data/raw/mapillary/images/171189792068571.jpg,valid_v2,cycling_infrastructure,visible,A bicycle rack with two bicycles is visible on the sidewalk outside the corridor.,0.95,True,nvidia/nemotron-3-nano-omni-30b-a3b-reasoning,b1-prompt-v2,data/raw/vlm/171189792068571__b1-prompt-v2.json,,
171189792068571,,2022-08-10T15:42:08.355000+00:00,ilxAa4vqKMJZec3Ygw1khC,data/raw/mapillary/images/171189792068571.jpg,valid_v2,parking,visible,A black car is parked on the roadway at the end of the corridor.,0.95,True,nvidia/nemotron-3-nano-omni-30b-a3b-reasoning,b1-prompt-v2,data/raw/vlm/171189792068571__b1-prompt-v2.json,,
171189792068571,,2022-08-10T15:42:08.355000+00:00,ilxAa4vqKMJZec3Ygw1khC,data/raw/mapillary/images/171189792068571.jpg,valid_v2,trees_vegetation,visible,Trees and greenery are visible in the background beyond the corridor opening.,0.95,True,nvidia/nemotron-3-nano-omni-30b-a3b-reasoning,b1-prompt-v2,data/raw/vlm/171189792068571__b1-prompt-v2.json,,
171189792068571,,2022-08-10T15:42:08.355000+00:00,ilxAa4vqKMJZec3Ygw1khC,data/raw/mapillary/images/171189792068571.jpg,valid_v2,street_furniture,visible,A black trash bin is visible on the sidewalk outside the corridor.,0.95,True,nvidia/nemotron-3-nano-omni-30b-a3b-reasoning,b1-prompt-v2,data/raw/vlm/171189792068571__b1-prompt-v2.json,,
171189792068571,,2022-08-10T15:42:08.355000+00:00,ilxAa4vqKMJZec3Ygw1khC,data/raw/mapillary/images/171189792068571.jpg,valid_v2,lighting,visible,Recessed spotlights are visible on the ceiling of the corridor.,0.95,True,nvidia/nemotron-3-nano-omni-30b-a3b-reasoning,b1-prompt-v2,data/raw/vlm/171189792068571__b1-prompt-v2.json,,
171189792068571,,2022-08-10T15:42:08.355000+00:00,ilxAa4vqKMJZec3Ygw1khC,data/raw/mapillary/images/171189792068571.jpg,valid_v2,signage,visible,Red signs with white text and arrows are visible on the walls of the corridor.,0.95,True,nvidia/nemotron-3-nano-omni-30b-a3b-reasoning,b1-prompt-v2,data/raw/vlm/171189792068571__b1-prompt-v2.json,,
171189792068571,,2022-08-10T15:42:08.355000+00:00,ilxAa4vqKMJZec3Ygw1khC,data/raw/mapillary/images/171189792068571.jpg,valid_v2,barriers,not_visible,No barriers are visible in the image.,0.95,True,nvidia/nemotron-3-nano-omni-30b-a3b-reasoning,b1-prompt-v2,data/raw/vlm/171189792068571__b1-prompt-v2.json,,
171189792068571,,2022-08-10T15:42:08.355000+00:00,ilxAa4vqKMJZec3Ygw1khC,data/raw/mapillary/images/171189792068571.jpg,valid_v2,public_transport,not_visible,No public transport vehicles or infrastructure are visible.,0.95,True,nvidia/nemotron-3-nano-omni-30b-a3b-reasoning,b1-prompt-v2,data/raw/vlm/171189792068571__b1-prompt-v2.json,,
171189792068571,,2022-08-10T15:42:08.355000+00:00,ilxAa4vqKMJZec3Ygw1khC,data/raw/mapillary/images/171189792068571.jpg,valid_v2,building_frontage,visible,Building facades line both sides of the corridor and are visible at the end of the corridor.,0.95,True,nvidia/nemotron-3-nano-omni-30b-a3b-reasoning,b1-prompt-v2,data/raw/vlm/171189792068571__b1-prompt-v2.json,,
171189792068571,,2022-08-10T15:42:08.355000+00:00,ilxAa4vqKMJZec3Ygw1khC,data/raw/mapillary/images/171189792068571.jpg,valid_v2,pedestrians,not_visible,No pedestrians are visible in the image.,0.95,True,nvidia/nemotron-3-nano-omni-30b-a3b-reasoning,b1-prompt-v2,data/raw/vlm/171189792068571__b1-prompt-v2.json,,
171189792068571,,2022-08-10T15:42:08.355000+00:00,ilxAa4vqKMJZec3Ygw1khC,data/raw/mapillary/images/171189792068571.jpg,valid_v2,cyclists,not_visible,No cyclists are visible in the image.,0.95,True,nvidia/nemotron-3-nano-omni-30b-a3b-reasoning,b1-prompt-v2,data/raw/vlm/171189792068571__b1-prompt-v2.json,,
171189792068571,,2022-08-10T15:42:08.355000+00:00,ilxAa4vqKMJZec3Ygw1khC,data/raw/mapillary/images/171189792068571.jpg,valid_v2,motor_vehicles,visible,A black car is parked on the roadway at the end of the corridor.,0.95,True,nvidia/nemotron-3-nano-omni-30b-a3b-reasoning,b1-prompt-v2,data/raw/vlm/171189792068571__b1-prompt-v2.json,,
1186699255183832,Louisenstraße,2019-03-14T07:12:19.134000+00:00,JjmQz3wzQKS-JAOe0Xu7UA,data/raw/mapillary/images/1186699255183832.jpg,valid_v2,sidewalk,visible,"Sidewalks are visible on both sides of the roadway, with a person standing on the left sidewalk.",0.9,True,nvidia/nemotron-3-nano-omni-30b-a3b-reasoning,b1-prompt-v2,data/raw/vlm/1186699255183832__b1-prompt-v2.json,,
1186699255183832,Louisenstraße,2019-03-14T07:12:19.134000+00:00,JjmQz3wzQKS-JAOe0Xu7UA,data/raw/mapillary/images/1186699255183832.jpg,valid_v2,roadway,visible,"The roadway is visible, showing a cracked asphalt surface with vehicles parked along the sides.",0.9,True,nvidia/nemotron-3-nano-omni-30b-a3b-reasoning,b1-prompt-v2,data/raw/vlm/1186699255183832__b1-prompt-v2.json,,
1186699255183832,Louisenstraße,2019-03-14T07:12:19.134000+00:00,JjmQz3wzQKS-JAOe0Xu7UA,data/raw/mapillary/images/1186699255183832.jpg,valid_v2,curb,visible,"Curb is visible along the edges of the roadway, separating it from the sidewalks.",0.9,True,nvidia/nemotron-3-nano-omni-30b-a3b-reasoning,b1-prompt-v2,data/raw/vlm/1186699255183832__b1-prompt-v2.json,,
1186699255183832,Louisenstraße,2019-03-14T07:12:19.134000+00:00,JjmQz3wzQKS-JAOe0Xu7UA,data/raw/mapillary/images/1186699255183832.jpg,valid_v2,crossing,not_visible,No marked or physically defined pedestrian/cycle crossing is visible in this view.,1.0,True,nvidia/nemotron-3-nano-omni-30b-a3b-reasoning,b1-prompt-v2,data/raw/vlm/1186699255183832__b1-prompt-v2.json,,
1186699255183832,Louisenstraße,2019-03-14T07:12:19.134000+00:00,JjmQz3wzQKS-JAOe0Xu7UA,data/raw/mapillary/images/1186699255183832.jpg,valid_v2,cycling_infrastructure,not_visible,No cycling infrastructure is visible in this image.,1.0,True,nvidia/nemotron-3-nano-omni-30b-a3b-reasoning,b1-prompt-v2,data/raw/vlm/1186699255183832__b1-prompt-v2.json,,
1186699255183832,Louisenstraße,2019-03-14T07:12:19.134000+00:00,JjmQz3wzQKS-JAOe0Xu7UA,data/raw/mapillary/images/1186699255183832.jpg,valid_v2,parking,visible,"Vehicles are parked along both sides of the roadway, indicating parking is present.",0.9,True,nvidia/nemotron-3-nano-omni-30b-a3b-reasoning,b1-prompt-v2,data/raw/vlm/1186699255183832__b1-prompt-v2.json,,
1186699255183832,Louisenstraße,2019-03-14T07:12:19.134000+00:00,JjmQz3wzQKS-JAOe0Xu7UA,data/raw/mapillary/images/1186699255183832.jpg,valid_v2,trees_vegetation,not_visible,No trees or vegetation are visible in this image.,1.0,True,nvidia/nemotron-3-nano-omni-30b-a3b-reasoning,b1-prompt-v2,data/raw/vlm/1186699255183832__b1-prompt-v2.json,,
1186699255183832,Louisenstraße,2019-03-14T07:12:19.134000+00:00,JjmQz3wzQKS-JAOe0Xu7UA,data/raw/mapillary/images/1186699255183832.jpg,valid_v2,street_furniture,visible,Street furniture includes signs and a bollard on the right sidewalk.,0.9,True,nvidia/nemotron-3-nano-omni-30b-a3b-reasoning,b1-prompt-v2,data/raw/vlm/1186699255183832__b1-prompt-v2.json,,
1186699255183832,Louisenstraße,2019-03-14T07:12:19.134000+00:00,JjmQz3wzQKS-JAOe0Xu7UA,data/raw/mapillary/images/1186699255183832.jpg,valid_v2,lighting,not_visible,No physical street-lighting fixtures are visible; the scene is lit by daylight.,1.0,True,nvidia/nemotron-3-nano-omni-30b-a3b-reasoning,b1-prompt-v2,data/raw/vlm/1186699255183832__b1-prompt-v2.json,,
1186699255183832,Louisenstraße,2019-03-14T07:12:19.134000+00:00,JjmQz3wzQKS-JAOe0Xu7UA,data/raw/mapillary/images/1186699255183832.jpg,valid_v2,signage,visible,"Signage is visible on the right side, including a no-entry sign and a directional sign.",0.9,True,nvidia/nemotron-3-nano-omni-30b-a3b-reasoning,b1-prompt-v2,data/raw/vlm/1186699255183832__b1-prompt-v2.json,,
1186699255183832,Louisenstraße,2019-03-14T07:12:19.134000+00:00,JjmQz3wzQKS-JAOe0Xu7UA,data/raw/mapillary/images/1186699255183832.jpg,valid_v2,barriers,not_visible,No barriers are visible in this image.,1.0,True,nvidia/nemotron-3-nano-omni-30b-a3b-reasoning,b1-prompt-v2,data/raw/vlm/1186699255183832__b1-prompt-v2.json,,
1186699255183832,Louisenstraße,2019-03-14T07:12:19.134000+00:00,JjmQz3wzQKS-JAOe0Xu7UA,data/raw/mapillary/images/1186699255183832.jpg,valid_v2,public_transport,not_visible,No public transport vehicles or infrastructure are visible in this image.,1.0,True,nvidia/nemotron-3-nano-omni-30b-a3b-reasoning,b1-prompt-v2,data/raw/vlm/1186699255183832__b1-prompt-v2.json,,
1186699255183832,Louisenstraße,2019-03-14T07:12:19.134000+00:00,JjmQz3wzQKS-JAOe0Xu7UA,data/raw/mapillary/images/1186699255183832.jpg,valid_v2,building_frontage,visible,"Building frontages line both sides of the street, with continuous facades visible.",0.9,True,nvidia/nemotron-3-nano-omni-30b-a3b-reasoning,b1-prompt-v2,data/raw/vlm/1186699255183832__b1-prompt-v2.json,,
1186699255183832,Louisenstraße,2019-03-14T07:12:19.134000+00:00,JjmQz3wzQKS-JAOe0Xu7UA,data/raw/mapillary/images/1186699255183832.jpg,valid_v2,pedestrians,visible,"Pedestrians are visible on the left sidewalk, standing near the parked vehicles.",0.9,True,nvidia/nemotron-3-nano-omni-30b-a3b-reasoning,b1-prompt-v2,data/raw/vlm/1186699255183832__b1-prompt-v2.json,,
1186699255183832,Louisenstraße,2019-03-14T07:12:19.134000+00:00,JjmQz3wzQKS-JAOe0Xu7UA,data/raw/mapillary/images/1186699255183832.jpg,valid_v2,cyclists,not_visible,No cyclists are visible in this image.,1.0,True,nvidia/nemotron-3-nano-omni-30b-a3b-reasoning,b1-prompt-v2,data/raw/vlm/1186699255183832__b1-prompt-v2.json,,
1186699255183832,Louisenstraße,2019-03-14T07:12:19.134000+00:00,JjmQz3wzQKS-JAOe0Xu7UA,data/raw/mapillary/images/1186699255183832.jpg,valid_v2,motor_vehicles,visible,"Multiple motor vehicles are visible, including a blue van, parked cars, and a white van in the distance.",0.9,True,nvidia/nemotron-3-nano-omni-30b-a3b-reasoning,b1-prompt-v2,data/raw/vlm/1186699255183832__b1-prompt-v2.json,,
507858413580024,Böhmische Straße,2018-01-24T02:23:13+00:00,xqd0z6s8qhavo6hh0uld7g,data/raw/mapillary/images/507858413580024.jpg,valid_v2,sidewalk,visible,A paved sidewalk runs along the left side of the street.,1.0,True,nvidia/nemotron-3-nano-omni-30b-a3b-reasoning,b1-prompt-v2,data/raw/vlm/507858413580024__b1-prompt-v2.json,,
507858413580024,Böhmische Straße,2018-01-24T02:23:13+00:00,xqd0z6s8qhavo6hh0uld7g,data/raw/mapillary/images/507858413580024.jpg,valid_v2,roadway,visible,The roadway is paved with cobblestones and occupies the central and right portions of the image.,1.0,True,nvidia/nemotron-3-nano-omni-30b-a3b-reasoning,b1-prompt-v2,data/raw/vlm/507858413580024__b1-prompt-v2.json,,
507858413580024,Böhmische Straße,2018-01-24T02:23:13+00:00,xqd0z6s8qhavo6hh0uld7g,data/raw/mapillary/images/507858413580024.jpg,valid_v2,curb,visible,A raised curb separates the sidewalk from the roadway on the left side.,1.0,True,nvidia/nemotron-3-nano-omni-30b-a3b-reasoning,b1-prompt-v2,data/raw/vlm/507858413580024__b1-prompt-v2.json,,
507858413580024,Böhmische Straße,2018-01-24T02:23:13+00:00,xqd0z6s8qhavo6hh0uld7g,data/raw/mapillary/images/507858413580024.jpg,valid_v2,crossing,not_visible,No marked or physically defined pedestrian or cycle crossing is visible.,1.0,True,nvidia/nemotron-3-nano-omni-30b-a3b-reasoning,b1-prompt-v2,data/raw/vlm/507858413580024__b1-prompt-v2.json,,
507858413580024,Böhmische Straße,2018-01-24T02:23:13+00:00,xqd0z6s8qhavo6hh0uld7g,data/raw/mapillary/images/507858413580024.jpg,valid_v2,cycling_infrastructure,not_visible,No cycling infrastructure is visible in the image.,1.0,True,nvidia/nemotron-3-nano-omni-30b-a3b-reasoning,b1-prompt-v2,data/raw/vlm/507858413580024__b1-prompt-v2.json,,
507858413580024,Böhmische Straße,2018-01-24T02:23:13+00:00,xqd0z6s8qhavo6hh0uld7g,data/raw/mapillary/images/507858413580024.jpg,valid_v2,parking,visible,Several cars are parked along the right side of the roadway.,1.0,True,nvidia/nemotron-3-nano-omni-30b-a3b-reasoning,b1-prompt-v2,data/raw/vlm/507858413580024__b1-prompt-v2.json,,
507858413580024,Böhmische Straße,2018-01-24T02:23:13+00:00,xqd0z6s8qhavo6hh0uld7g,data/raw/mapillary/images/507858413580024.jpg,valid_v2,trees_vegetation,visible,A bare tree is visible in the background on the left side.,1.0,True,nvidia/nemotron-3-nano-omni-30b-a3b-reasoning,b1-prompt-v2,data/raw/vlm/507858413580024__b1-prompt-v2.json,,
507858413580024,Böhmische Straße,2018-01-24T02:23:13+00:00,xqd0z6s8qhavo6hh0uld7g,data/raw/mapillary/images/507858413580024.jpg,valid_v2,street_furniture,not_visible,"No street furniture such as benches, bins, or bollards is visible.",1.0,True,nvidia/nemotron-3-nano-omni-30b-a3b-reasoning,b1-prompt-v2,data/raw/vlm/507858413580024__b1-prompt-v2.json,,
507858413580024,Böhmische Straße,2018-01-24T02:23:13+00:00,xqd0z6s8qhavo6hh0uld7g,data/raw/mapillary/images/507858413580024.jpg,valid_v2,lighting,not_visible,No physical street-lighting fixtures are visible.,1.0,True,nvidia/nemotron-3-nano-omni-30b-a3b-reasoning,b1-prompt-v2,data/raw/vlm/507858413580024__b1-prompt-v2.json,,
507858413580024,Böhmische Straße,2018-01-24T02:23:13+00:00,xqd0z6s8qhavo6hh0uld7g,data/raw/mapillary/images/507858413580024.jpg,valid_v2,signage,not_visible,"No traffic, parking, street-name, or other public signs are visible.",1.0,True,nvidia/nemotron-3-nano-omni-30b-a3b-reasoning,b1-prompt-v2,data/raw/vlm/507858413580024__b1-prompt-v2.json,,
507858413580024,Böhmische Straße,2018-01-24T02:23:13+00:00,xqd0z6s8qhavo6hh0uld7g,data/raw/mapillary/images/507858413580024.jpg,valid_v2,barriers,not_visible,"No guardrails, fences, barrier posts, or access barriers are visible.",1.0,True,nvidia/nemotron-3-nano-omni-30b-a3b-reasoning,b1-prompt-v2,data/raw/vlm/507858413580024__b1-prompt-v2.json,,
507858413580024,Böhmische Straße,2018-01-24T02:23:13+00:00,xqd0z6s8qhavo6hh0uld7g,data/raw/mapillary/images/507858413580024.jpg,valid_v2,public_transport,not_visible,"No trams, buses, tram tracks, stops, platforms, or shelters are visible.",1.0,True,nvidia/nemotron-3-nano-omni-30b-a3b-reasoning,b1-prompt-v2,data/raw/vlm/507858413580024__b1-prompt-v2.json,,
507858413580024,Böhmische Straße,2018-01-24T02:23:13+00:00,xqd0z6s8qhavo6hh0uld7g,data/raw/mapillary/images/507858413580024.jpg,valid_v2,building_frontage,visible,A continuous yellow building with multiple windows lines the right side of the street.,1.0,True,nvidia/nemotron-3-nano-omni-30b-a3b-reasoning,b1-prompt-v2,data/raw/vlm/507858413580024__b1-prompt-v2.json,,
507858413580024,Böhmische Straße,2018-01-24T02:23:13+00:00,xqd0z6s8qhavo6hh0uld7g,data/raw/mapillary/images/507858413580024.jpg,valid_v2,pedestrians,visible,A few pedestrians are visible in the distance on the left sidewalk.,1.0,True,nvidia/nemotron-3-nano-omni-30b-a3b-reasoning,b1-prompt-v2,data/raw/vlm/507858413580024__b1-prompt-v2.json,,
507858413580024,Böhmische Straße,2018-01-24T02:23:13+00:00,xqd0z6s8qhavo6hh0uld7g,data/raw/mapillary/images/507858413580024.jpg,valid_v2,cyclists,not_visible,No cyclists are visible in the image.,1.0,True,nvidia/nemotron-3-nano-omni-30b-a3b-reasoning,b1-prompt-v2,data/raw/vlm/507858413580024__b1-prompt-v2.json,,
507858413580024,Böhmische Straße,2018-01-24T02:23:13+00:00,xqd0z6s8qhavo6hh0uld7g,data/raw/mapillary/images/507858413580024.jpg,valid_v2,motor_vehicles,visible,"A red car, a red van, and a silver car are parked along the right side of the roadway.",1.0,True,nvidia/nemotron-3-nano-omni-30b-a3b-reasoning,b1-prompt-v2,data/raw/vlm/507858413580024__b1-prompt-v2.json,,
748701757218369,,2024-02-19T16:29:01.808000+00:00,sQvK8cz0Wxf7VqkICBdOD2,data/raw/mapillary/images/748701757218369.jpg,recovered_v2,sidewalk,visible,A paved sidewalk with large rectangular tiles runs along the right side of the image.,0.95,True,nvidia/nemotron-3-nano-omni-30b-a3b-reasoning,b1-prompt-v2,data/raw/vlm/748701757218369__b1-prompt-v2.json,,
748701757218369,,2024-02-19T16:29:01.808000+00:00,sQvK8cz0Wxf7VqkICBdOD2,data/raw/mapillary/images/748701757218369.jpg,recovered_v2,roadway,visible,"The roadway is visible on the left, with vehicles traveling in both directions.",0.98,True,nvidia/nemotron-3-nano-omni-30b-a3b-reasoning,b1-prompt-v2,data/raw/vlm/748701757218369__b1-prompt-v2.json,,
748701757218369,,2024-02-19T16:29:01.808000+00:00,sQvK8cz0Wxf7VqkICBdOD2,data/raw/mapillary/images/748701757218369.jpg,recovered_v2,curb,visible,A raised curb separates the sidewalk from the roadway on the left side.,0.92,True,nvidia/nemotron-3-nano-omni-30b-a3b-reasoning,b1-prompt-v2,data/raw/vlm/748701757218369__b1-prompt-v2.json,,
748701757218369,,2024-02-19T16:29:01.808000+00:00,sQvK8cz0Wxf7VqkICBdOD2,data/raw/mapillary/images/748701757218369.jpg,recovered_v2,crossing,not_visible,No marked or physically defined pedestrian or cycle crossing is visible.,0.99,True,nvidia/nemotron-3-nano-omni-30b-a3b-reasoning,b1-prompt-v2,data/raw/vlm/748701757218369__b1-prompt-v2.json,,
748701757218369,,2024-02-19T16:29:01.808000+00:00,sQvK8cz0Wxf7VqkICBdOD2,data/raw/mapillary/images/748701757218369.jpg,recovered_v2,cycling_infrastructure,visible,Bicycle racks are visible on the sidewalk near the building frontage on the right.,0.94,True,nvidia/nemotron-3-nano-omni-30b-a3b-reasoning,b1-prompt-v2,data/raw/vlm/748701757218369__b1-prompt-v2.json,,
748701757218369,,2024-02-19T16:29:01.808000+00:00,sQvK8cz0Wxf7VqkICBdOD2,data/raw/mapillary/images/748701757218369.jpg,recovered_v2,parking,not_visible,No marked parking spaces or clearly parked vehicles are visible.,0.97,True,nvidia/nemotron-3-nano-omni-30b-a3b-reasoning,b1-prompt-v2,data/raw/vlm/748701757218369__b1-prompt-v2.json,,
748701757218369,,2024-02-19T16:29:01.808000+00:00,sQvK8cz0Wxf7VqkICBdOD2,data/raw/mapillary/images/748701757218369.jpg,recovered_v2,trees_vegetation,visible,"A leafless tree stands on the left side of the roadway, and some greenery is visible in planters on the right.",0.96,True,nvidia/nemotron-3-nano-omni-30b-a3b-reasoning,b1-prompt-v2,data/raw/vlm/748701757218369__b1-prompt-v2.json,,
748701757218369,,2024-02-19T16:29:01.808000+00:00,sQvK8cz0Wxf7VqkICBdOD2,data/raw/mapillary/images/748701757218369.jpg,recovered_v2,street_furniture,visible,"Bicycle racks are present on the sidewalk, and a large yellow signpost is visible.",0.93,True,nvidia/nemotron-3-nano-omni-30b-a3b-reasoning,b1-prompt-v2,data/raw/vlm/748701757218369__b1-prompt-v2.json,,
748701757218369,,2024-02-19T16:29:01.808000+00:00,sQvK8cz0Wxf7VqkICBdOD2,data/raw/mapillary/images/748701757218369.jpg,recovered_v2,lighting,not_visible,No physical street-lighting fixtures are visible in the image.,0.98,True,nvidia/nemotron-3-nano-omni-30b-a3b-reasoning,b1-prompt-v2,data/raw/vlm/748701757218369__b1-prompt-v2.json,,
748701757218369,,2024-02-19T16:29:01.808000+00:00,sQvK8cz0Wxf7VqkICBdOD2,data/raw/mapillary/images/748701757218369.jpg,recovered_v2,signage,visible,A large yellow directional sign with text in German is visible on the left side of the sidewalk.,0.99,True,nvidia/nemotron-3-nano-omni-30b-a3b-reasoning,b1-prompt-v2,data/raw/vlm/748701757218369__b1-prompt-v2.json,,
748701757218369,,2024-02-19T16:29:01.808000+00:00,sQvK8cz0Wxf7VqkICBdOD2,data/raw/mapillary/images/748701757218369.jpg,recovered_v2,barriers,not_visible,No barriers are visible in the image.,0.99,True,nvidia/nemotron-3-nano-omni-30b-a3b-reasoning,b1-prompt-v2,data/raw/vlm/748701757218369__b1-prompt-v2.json,,
748701757218369,,2024-02-19T16:29:01.808000+00:00,sQvK8cz0Wxf7VqkICBdOD2,data/raw/mapillary/images/748701757218369.jpg,recovered_v2,public_transport,not_visible,"No trams, buses, or rail vehicles are visible.",0.99,True,nvidia/nemotron-3-nano-omni-30b-a3b-reasoning,b1-prompt-v2,data/raw/vlm/748701757218369__b1-prompt-v2.json,,
748701757218369,,2024-02-19T16:29:01.808000+00:00,sQvK8cz0Wxf7VqkICBdOD2,data/raw/mapillary/images/748701757218369.jpg,recovered_v2,building_frontage,visible,A multi-story building with balconies lines the right side of the sidewalk.,0.97,True,nvidia/nemotron-3-nano-omni-30b-a3b-reasoning,b1-prompt-v2,data/raw/vlm/748701757218369__b1-prompt-v2.json,,
748701757218369,,2024-02-19T16:29:01.808000+00:00,sQvK8cz0Wxf7VqkICBdOD2,data/raw/mapillary/images/748701757218369.jpg,recovered_v2,pedestrians,visible,Three pedestrians are walking away from the camera on the sidewalk.,0.98,True,nvidia/nemotron-3-nano-omni-30b-a3b-reasoning,b1-prompt-v2,data/raw/vlm/748701757218369__b1-prompt-v2.json,,
748701757218369,,2024-02-19T16:29:01.808000+00:00,sQvK8cz0Wxf7VqkICBdOD2,data/raw/mapillary/images/748701757218369.jpg,recovered_v2,cyclists,not_visible,No cyclists are visible in the image.,0.99,True,nvidia/nemotron-3-nano-omni-30b-a3b-reasoning,b1-prompt-v2,data/raw/vlm/748701757218369__b1-prompt-v2.json,,
748701757218369,,2024-02-19T16:29:01.808000+00:00,sQvK8cz0Wxf7VqkICBdOD2,data/raw/mapillary/images/748701757218369.jpg,recovered_v2,motor_vehicles,visible,"A black car, a silver station wagon, and a dark SUV are visible on the roadway.",0.96,True,nvidia/nemotron-3-nano-omni-30b-a3b-reasoning,b1-prompt-v2,data/raw/vlm/748701757218369__b1-prompt-v2.json,,
524573645227846,Kamenzer Straße,2018-01-24T00:03:21+00:00,z6nlzpb94njmqzi1hguav7,data/raw/mapillary/images/524573645227846.jpg,recovered_v2,sidewalk,visible,Cobblestone sidewalk visible on the left side of the roadway.,0.95,True,nvidia/nemotron-3-nano-omni-30b-a3b-reasoning,b1-prompt-v2,data/raw/vlm/524573645227846__b1-prompt-v2.json,,
524573645227846,Kamenzer Straße,2018-01-24T00:03:21+00:00,z6nlzpb94njmqzi1hguav7,data/raw/mapillary/images/524573645227846.jpg,recovered_v2,roadway,visible,Asphalt roadway occupies the central portion of the image.,0.98,True,nvidia/nemotron-3-nano-omni-30b-a3b-reasoning,b1-prompt-v2,data/raw/vlm/524573645227846__b1-prompt-v2.json,,
524573645227846,Kamenzer Straße,2018-01-24T00:03:21+00:00,z6nlzpb94njmqzi1hguav7,data/raw/mapillary/images/524573645227846.jpg,recovered_v2,curb,visible,Curb separates the cobblestone sidewalk from the asphalt roadway on the left.,0.96,True,nvidia/nemotron-3-nano-omni-30b-a3b-reasoning,b1-prompt-v2,data/raw/vlm/524573645227846__b1-prompt-v2.json,,
524573645227846,Kamenzer Straße,2018-01-24T00:03:21+00:00,z6nlzpb94njmqzi1hguav7,data/raw/mapillary/images/524573645227846.jpg,recovered_v2,crossing,not_visible,No marked or physically defined crossing is visible in this view.,0.99,True,nvidia/nemotron-3-nano-omni-30b-a3b-reasoning,b1-prompt-v2,data/raw/vlm/524573645227846__b1-prompt-v2.json,,
524573645227846,Kamenzer Straße,2018-01-24T00:03:21+00:00,z6nlzpb94njmqzi1hguav7,data/raw/mapillary/images/524573645227846.jpg,recovered_v2,cycling_infrastructure,not_visible,No dedicated cycling infrastructure such as cycle lanes or tracks is visible.,0.97,True,nvidia/nemotron-3-nano-omni-30b-a3b-reasoning,b1-prompt-v2,data/raw/vlm/524573645227846__b1-prompt-v2.json,,
524573645227846,Kamenzer Straße,2018-01-24T00:03:21+00:00,z6nlzpb94njmqzi1hguav7,data/raw/mapillary/images/524573645227846.jpg,recovered_v2,parking,visible,"Multiple vehicles are parked along the left curb, indicating parking.",0.98,True,nvidia/nemotron-3-nano-omni-30b-a3b-reasoning,b1-prompt-v2,data/raw/vlm/524573645227846__b1-prompt-v2.json,,
524573645227846,Kamenzer Straße,2018-01-24T00:03:21+00:00,z6nlzpb94njmqzi1hguav7,data/raw/mapillary/images/524573645227846.jpg,recovered_v2,trees_vegetation,not_visible,No trees or vegetation are visible in this street view.,0.99,True,nvidia/nemotron-3-nano-omni-30b-a3b-reasoning,b1-prompt-v2,data/raw/vlm/524573645227846__b1-prompt-v2.json,,
524573645227846,Kamenzer Straße,2018-01-24T00:03:21+00:00,z6nlzpb94njmqzi1hguav7,data/raw/mapillary/images/524573645227846.jpg,recovered_v2,street_furniture,not_visible,"No street furniture such as benches, bins, or bicycle racks is visible.",0.97,True,nvidia/nemotron-3-nano-omni-30b-a3b-reasoning,b1-prompt-v2,data/raw/vlm/524573645227846__b1-prompt-v2.json,,
524573645227846,Kamenzer Straße,2018-01-24T00:03:21+00:00,z6nlzpb94njmqzi1hguav7,data/raw/mapillary/images/524573645227846.jpg,recovered_v2,lighting,not_visible,No physical street-lighting fixtures are visible in the image.,0.98,True,nvidia/nemotron-3-nano-omni-30b-a3b-reasoning,b1-prompt-v2,data/raw/vlm/524573645227846__b1-prompt-v2.json,,
524573645227846,Kamenzer Straße,2018-01-24T00:03:21+00:00,z6nlzpb94njmqzi1hguav7,data/raw/mapillary/images/524573645227846.jpg,recovered_v2,signage,not_visible,"No traffic, parking, or street-name signs are visible.",0.99,True,nvidia/nemotron-3-nano-omni-30b-a3b-reasoning,b1-prompt-v2,data/raw/vlm/524573645227846__b1-prompt-v2.json,,
524573645227846,Kamenzer Straße,2018-01-24T00:03:21+00:00,z6nlzpb94njmqzi1hguav7,data/raw/mapillary/images/524573645227846.jpg,recovered_v2,barriers,not_visible,"No guardrails, fences, or barrier posts are visible.",0.98,True,nvidia/nemotron-3-nano-omni-30b-a3b-reasoning,b1-prompt-v2,data/raw/vlm/524573645227846__b1-prompt-v2.json,,
524573645227846,Kamenzer Straße,2018-01-24T00:03:21+00:00,z6nlzpb94njmqzi1hguav7,data/raw/mapillary/images/524573645227846.jpg,recovered_v2,public_transport,not_visible,"No trams, buses, or rail vehicles are visible.",0.99,True,nvidia/nemotron-3-nano-omni-30b-a3b-reasoning,b1-prompt-v2,data/raw/vlm/524573645227846__b1-prompt-v2.json,,
524573645227846,Kamenzer Straße,2018-01-24T00:03:21+00:00,z6nlzpb94njmqzi1hguav7,data/raw/mapillary/images/524573645227846.jpg,recovered_v2,building_frontage,visible,Continuous building facades line both sides of the street.,0.97,True,nvidia/nemotron-3-nano-omni-30b-a3b-reasoning,b1-prompt-v2,data/raw/vlm/524573645227846__b1-prompt-v2.json,,
524573645227846,Kamenzer Straße,2018-01-24T00:03:21+00:00,z6nlzpb94njmqzi1hguav7,data/raw/mapillary/images/524573645227846.jpg,recovered_v2,pedestrians,not_visible,No pedestrians are visible in the street space.,0.99,True,nvidia/nemotron-3-nano-omni-30b-a3b-reasoning,b1-prompt-v2,data/raw/vlm/524573645227846__b1-prompt-v2.json,,
524573645227846,Kamenzer Straße,2018-01-24T00:03:21+00:00,z6nlzpb94njmqzi1hguav7,data/raw/mapillary/images/524573645227846.jpg,recovered_v2,cyclists,visible,"Two cyclists are riding on the roadway, one in the foreground and one further ahead.",0.96,True,nvidia/nemotron-3-nano-omni-30b-a3b-reasoning,b1-prompt-v2,data/raw/vlm/524573645227846__b1-prompt-v2.json,,
524573645227846,Kamenzer Straße,2018-01-24T00:03:21+00:00,z6nlzpb94njmqzi1hguav7,data/raw/mapillary/images/524573645227846.jpg,recovered_v2,motor_vehicles,visible,"Multiple motor vehicles, including cars and vans, are parked along both sides of the street.",0.98,True,nvidia/nemotron-3-nano-omni-30b-a3b-reasoning,b1-prompt-v2,data/raw/vlm/524573645227846__b1-prompt-v2.json,,
455292955554930,Bautzner Straße,2015-11-05T14:05:42.999000+00:00,8U6wifDui3bXQuy7oi_3Fg,data/raw/mapillary/images/455292955554930.jpg,valid_v2,sidewalk,visible,"A paved sidewalk runs along the right side of the road, bordered by trees and fallen leaves.",0.95,True,nvidia/nemotron-3-nano-omni-30b-a3b-reasoning,b1-prompt-v2,data/raw/vlm/455292955554930__b1-prompt-v2.json,,
455292955554930,Bautzner Straße,2015-11-05T14:05:42.999000+00:00,8U6wifDui3bXQuy7oi_3Fg,data/raw/mapillary/images/455292955554930.jpg,valid_v2,roadway,visible,"The roadway is a paved surface with tram tracks embedded in the asphalt, visible in the foreground and extending into the distance.",0.98,True,nvidia/nemotron-3-nano-omni-30b-a3b-reasoning,b1-prompt-v2,data/raw/vlm/455292955554930__b1-prompt-v2.json,,
455292955554930,Bautzner Straße,2015-11-05T14:05:42.999000+00:00,8U6wifDui3bXQuy7oi_3Fg,data/raw/mapillary/images/455292955554930.jpg,valid_v2,curb,visible,A raised curb separates the roadway from the sidewalk on the right side of the image.,0.97,True,nvidia/nemotron-3-nano-omni-30b-a3b-reasoning,b1-prompt-v2,data/raw/vlm/455292955554930__b1-prompt-v2.json,,
455292955554930,Bautzner Straße,2015-11-05T14:05:42.999000+00:00,8U6wifDui3bXQuy7oi_3Fg,data/raw/mapillary/images/455292955554930.jpg,valid_v2,crossing,not_visible,No marked or physically defined pedestrian or cycle crossing is visible in the image.,1.0,True,nvidia/nemotron-3-nano-omni-30b-a3b-reasoning,b1-prompt-v2,data/raw/vlm/455292955554930__b1-prompt-v2.json,,
455292955554930,Bautzner Straße,2015-11-05T14:05:42.999000+00:00,8U6wifDui3bXQuy7oi_3Fg,data/raw/mapillary/images/455292955554930.jpg,valid_v2,cycling_infrastructure,not_visible,"No cycling infrastructure, such as cycle lanes or bicycle racks, is visible in the image.",1.0,True,nvidia/nemotron-3-nano-omni-30b-a3b-reasoning,b1-prompt-v2,data/raw/vlm/455292955554930__b1-prompt-v2.json,,
455292955554930,Bautzner Straße,2015-11-05T14:05:42.999000+00:00,8U6wifDui3bXQuy7oi_3Fg,data/raw/mapillary/images/455292955554930.jpg,valid_v2,parking,visible,"Several vehicles are parked along the left side of the road, indicating parking spaces at the kerb.",0.96,True,nvidia/nemotron-3-nano-omni-30b-a3b-reasoning,b1-prompt-v2,data/raw/vlm/455292955554930__b1-prompt-v2.json,,
455292955554930,Bautzner Straße,2015-11-05T14:05:42.999000+00:00,8U6wifDui3bXQuy7oi_3Fg,data/raw/mapillary/images/455292955554930.jpg,valid_v2,trees_vegetation,visible,"Rows of trees with yellowing autumn leaves line both sides of the street, and grass is visible on the right.",0.99,True,nvidia/nemotron-3-nano-omni-30b-a3b-reasoning,b1-prompt-v2,data/raw/vlm/455292955554930__b1-prompt-v2.json,,
455292955554930,Bautzner Straße,2015-11-05T14:05:42.999000+00:00,8U6wifDui3bXQuy7oi_3Fg,data/raw/mapillary/images/455292955554930.jpg,valid_v2,street_furniture,visible,"A yellow bollard is visible on the left sidewalk, and utility poles are present along the street.",0.94,True,nvidia/nemotron-3-nano-omni-30b-a3b-reasoning,b1-prompt-v2,data/raw/vlm/455292955554930__b1-prompt-v2.json,,
455292955554930,Bautzner Straße,2015-11-05T14:05:42.999000+00:00,8U6wifDui3bXQuy7oi_3Fg,data/raw/mapillary/images/455292955554930.jpg,valid_v2,lighting,visible,Street light poles are visible along the sidewalk on the left side of the road.,0.95,True,nvidia/nemotron-3-nano-omni-30b-a3b-reasoning,b1-prompt-v2,data/raw/vlm/455292955554930__b1-prompt-v2.json,,
455292955554930,Bautzner Straße,2015-11-05T14:05:42.999000+00:00,8U6wifDui3bXQuy7oi_3Fg,data/raw/mapillary/images/455292955554930.jpg,valid_v2,signage,not_visible,"No traffic, parking, street-name, or other public signs are clearly visible in the image.",1.0,True,nvidia/nemotron-3-nano-omni-30b-a3b-reasoning,b1-prompt-v2,data/raw/vlm/455292955554930__b1-prompt-v2.json,,
455292955554930,Bautzner Straße,2015-11-05T14:05:42.999000+00:00,8U6wifDui3bXQuy7oi_3Fg,data/raw/mapillary/images/455292955554930.jpg,valid_v2,barriers,not_visible,"No guardrails, fences, or other barriers are visible in the image.",1.0,True,nvidia/nemotron-3-nano-omni-30b-a3b-reasoning,b1-prompt-v2,data/raw/vlm/455292955554930__b1-prompt-v2.json,,
455292955554930,Bautzner Straße,2015-11-05T14:05:42.999000+00:00,8U6wifDui3bXQuy7oi_3Fg,data/raw/mapillary/images/455292955554930.jpg,valid_v2,public_transport,visible,"Tram tracks are embedded in the roadway, and overhead wires for electric trams are visible, indicating public transport infrastructure.",0.98,True,nvidia/nemotron-3-nano-omni-30b-a3b-reasoning,b1-prompt-v2,data/raw/vlm/455292955554930__b1-prompt-v2.json,,
455292955554930,Bautzner Straße,2015-11-05T14:05:42.999000+00:00,8U6wifDui3bXQuy7oi_3Fg,data/raw/mapillary/images/455292955554930.jpg,valid_v2,building_frontage,visible,"Multi-story buildings with ground-floor facades line both sides of the street, forming a continuous building frontage.",0.97,True,nvidia/nemotron-3-nano-omni-30b-a3b-reasoning,b1-prompt-v2,data/raw/vlm/455292955554930__b1-prompt-v2.json,,
455292955554930,Bautzner Straße,2015-11-05T14:05:42.999000+00:00,8U6wifDui3bXQuy7oi_3Fg,data/raw/mapillary/images/455292955554930.jpg,valid_v2,pedestrians,not_visible,No pedestrians are visible in the street space in the image.,1.0,True,nvidia/nemotron-3-nano-omni-30b-a3b-reasoning,b1-prompt-v2,data/raw/vlm/455292955554930__b1-prompt-v2.json,,
455292955554930,Bautzner Straße,2015-11-05T14:05:42.999000+00:00,8U6wifDui3bXQuy7oi_3Fg,data/raw/mapillary/images/455292955554930.jpg,valid_v2,cyclists,not_visible,No cyclists are visible in the image.,1.0,True,nvidia/nemotron-3-nano-omni-30b-a3b-reasoning,b1-prompt-v2,data/raw/vlm/455292955554930__b1-prompt-v2.json,,
455292955554930,Bautzner Straße,2015-11-05T14:05:42.999000+00:00,8U6wifDui3bXQuy7oi_3Fg,data/raw/mapillary/images/455292955554930.jpg,valid_v2,motor_vehicles,visible,"A black SUV is driving in the roadway, and several other cars are parked or moving on the left side of the street.",0.99,True,nvidia/nemotron-3-nano-omni-30b-a3b-reasoning,b1-prompt-v2,data/raw/vlm/455292955554930__b1-prompt-v2.json,,
903820930163841,Alaunstraße,2014-06-17T20:24:55+00:00,jLCS7_laqwOtPvjC72tduw,data/raw/mapillary/images/903820930163841.jpg,valid_v2,sidewalk,visible,"A paved sidewalk runs along the right side of the street, adjacent to the buildings.",0.9,True,nvidia/nemotron-3-nano-omni-30b-a3b-reasoning,b1-prompt-v2,data/raw/vlm/903820930163841__b1-prompt-v2.json,,
903820930163841,Alaunstraße,2014-06-17T20:24:55+00:00,jLCS7_laqwOtPvjC72tduw,data/raw/mapillary/images/903820930163841.jpg,valid_v2,roadway,visible,"The asphalt roadway occupies the left and center of the image, with vehicles parked along the left curb.",0.9,True,nvidia/nemotron-3-nano-omni-30b-a3b-reasoning,b1-prompt-v2,data/raw/vlm/903820930163841__b1-prompt-v2.json,,
903820930163841,Alaunstraße,2014-06-17T20:24:55+00:00,jLCS7_laqwOtPvjC72tduw,data/raw/mapillary/images/903820930163841.jpg,valid_v2,curb,visible,A raised curb separates the roadway from the sidewalk on the left side of the street.,0.9,True,nvidia/nemotron-3-nano-omni-30b-a3b-reasoning,b1-prompt-v2,data/raw/vlm/903820930163841__b1-prompt-v2.json,,
903820930163841,Alaunstraße,2014-06-17T20:24:55+00:00,jLCS7_laqwOtPvjC72tduw,data/raw/mapillary/images/903820930163841.jpg,valid_v2,crossing,not_visible,No marked or physically defined pedestrian or cycle crossing is visible in this view.,0.9,True,nvidia/nemotron-3-nano-omni-30b-a3b-reasoning,b1-prompt-v2,data/raw/vlm/903820930163841__b1-prompt-v2.json,,
903820930163841,Alaunstraße,2014-06-17T20:24:55+00:00,jLCS7_laqwOtPvjC72tduw,data/raw/mapillary/images/903820930163841.jpg,valid_v2,cycling_infrastructure,not_visible,"No dedicated cycle lane, track, markings, or bicycle racks are visible.",0.9,True,nvidia/nemotron-3-nano-omni-30b-a3b-reasoning,b1-prompt-v2,data/raw/vlm/903820930163841__b1-prompt-v2.json,,
903820930163841,Alaunstraße,2014-06-17T20:24:55+00:00,jLCS7_laqwOtPvjC72tduw,data/raw/mapillary/images/903820930163841.jpg,valid_v2,parking,visible,"Multiple cars are parked along the left side of the street, indicating parking along the curb.",0.9,True,nvidia/nemotron-3-nano-omni-30b-a3b-reasoning,b1-prompt-v2,data/raw/vlm/903820930163841__b1-prompt-v2.json,,
903820930163841,Alaunstraße,2014-06-17T20:24:55+00:00,jLCS7_laqwOtPvjC72tduw,data/raw/mapillary/images/903820930163841.jpg,valid_v2,trees_vegetation,visible,"A few trees and greenery are visible in the background, near the center of the street.",0.8,True,nvidia/nemotron-3-nano-omni-30b-a3b-reasoning,b1-prompt-v2,data/raw/vlm/903820930163841__b1-prompt-v2.json,,
903820930163841,Alaunstraße,2014-06-17T20:24:55+00:00,jLCS7_laqwOtPvjC72tduw,data/raw/mapillary/images/903820930163841.jpg,valid_v2,street_furniture,not_visible,"No benches, bins, bicycle racks, or other public-space objects are clearly visible.",0.9,True,nvidia/nemotron-3-nano-omni-30b-a3b-reasoning,b1-prompt-v2,data/raw/vlm/903820930163841__b1-prompt-v2.json,,
903820930163841,Alaunstraße,2014-06-17T20:24:55+00:00,jLCS7_laqwOtPvjC72tduw,data/raw/mapillary/images/903820930163841.jpg,valid_v2,lighting,not_visible,No physical street-lighting fixtures are visible in the image.,0.9,True,nvidia/nemotron-3-nano-omni-30b-a3b-reasoning,b1-prompt-v2,data/raw/vlm/903820930163841__b1-prompt-v2.json,,
903820930163841,Alaunstraße,2014-06-17T20:24:55+00:00,jLCS7_laqwOtPvjC72tduw,data/raw/mapillary/images/903820930163841.jpg,valid_v2,signage,visible,"A blue sign with a yellow symbol is visible on the left side, attached to a building facade.",0.8,True,nvidia/nemotron-3-nano-omni-30b-a3b-reasoning,b1-prompt-v2,data/raw/vlm/903820930163841__b1-prompt-v2.json,,
903820930163841,Alaunstraße,2014-06-17T20:24:55+00:00,jLCS7_laqwOtPvjC72tduw,data/raw/mapillary/images/903820930163841.jpg,valid_v2,barriers,not_visible,"No guardrails, fences, or access barriers are visible in the image.",0.9,True,nvidia/nemotron-3-nano-omni-30b-a3b-reasoning,b1-prompt-v2,data/raw/vlm/903820930163841__b1-prompt-v2.json,,
903820930163841,Alaunstraße,2014-06-17T20:24:55+00:00,jLCS7_laqwOtPvjC72tduw,data/raw/mapillary/images/903820930163841.jpg,valid_v2,public_transport,not_visible,"No trams, buses, tram tracks, or related public transport infrastructure are visible.",0.9,True,nvidia/nemotron-3-nano-omni-30b-a3b-reasoning,b1-prompt-v2,data/raw/vlm/903820930163841__b1-prompt-v2.json,,
903820930163841,Alaunstraße,2014-06-17T20:24:55+00:00,jLCS7_laqwOtPvjC72tduw,data/raw/mapillary/images/903820930163841.jpg,valid_v2,building_frontage,visible,"Multi-story buildings with varied facades line both sides of the street, forming the building frontage.",0.9,True,nvidia/nemotron-3-nano-omni-30b-a3b-reasoning,b1-prompt-v2,data/raw/vlm/903820930163841__b1-prompt-v2.json,,
903820930163841,Alaunstraße,2014-06-17T20:24:55+00:00,jLCS7_laqwOtPvjC72tduw,data/raw/mapillary/images/903820930163841.jpg,valid_v2,pedestrians,not_visible,No pedestrians are visible in the street or on the sidewalk.,0.9,True,nvidia/nemotron-3-nano-omni-30b-a3b-reasoning,b1-prompt-v2,data/raw/vlm/903820930163841__b1-prompt-v2.json,,
903820930163841,Alaunstraße,2014-06-17T20:24:55+00:00,jLCS7_laqwOtPvjC72tduw,data/raw/mapillary/images/903820930163841.jpg,valid_v2,cyclists,not_visible,No cyclists are visible in the image.,0.9,True,nvidia/nemotron-3-nano-omni-30b-a3b-reasoning,b1-prompt-v2,data/raw/vlm/903820930163841__b1-prompt-v2.json,,
903820930163841,Alaunstraße,2014-06-17T20:24:55+00:00,jLCS7_laqwOtPvjC72tduw,data/raw/mapillary/images/903820930163841.jpg,valid_v2,motor_vehicles,visible,"Several motor vehicles, including cars and a van, are parked along the left side of the street.",0.9,True,nvidia/nemotron-3-nano-omni-30b-a3b-reasoning,b1-prompt-v2,data/raw/vlm/903820930163841__b1-prompt-v2.json,,
463028594984560,Rothenburger Straße,2014-09-23T15:35:35+00:00,MURPhSdwtt1nKHJL2XkyEA,data/raw/mapillary/images/463028594984560.jpg,valid_v2,sidewalk,visible,A paved sidewalk runs along the front of the buildings on the left side of the street.,1.0,True,nvidia/nemotron-3-nano-omni-30b-a3b-reasoning,b1-prompt-v2,data/raw/vlm/463028594984560__b1-prompt-v2.json,,
463028594984560,Rothenburger Straße,2014-09-23T15:35:35+00:00,MURPhSdwtt1nKHJL2XkyEA,data/raw/mapillary/images/463028594984560.jpg,valid_v2,roadway,visible,The asphalt roadway is visible in the foreground and right side of the image.,1.0,True,nvidia/nemotron-3-nano-omni-30b-a3b-reasoning,b1-prompt-v2,data/raw/vlm/463028594984560__b1-prompt-v2.json,,
463028594984560,Rothenburger Straße,2014-09-23T15:35:35+00:00,MURPhSdwtt1nKHJL2XkyEA,data/raw/mapillary/images/463028594984560.jpg,valid_v2,curb,visible,A concrete curb separates the sidewalk from the roadway.,1.0,True,nvidia/nemotron-3-nano-omni-30b-a3b-reasoning,b1-prompt-v2,data/raw/vlm/463028594984560__b1-prompt-v2.json,,
463028594984560,Rothenburger Straße,2014-09-23T15:35:35+00:00,MURPhSdwtt1nKHJL2XkyEA,data/raw/mapillary/images/463028594984560.jpg,valid_v2,crossing,not_visible,No marked or physically defined pedestrian or cycle crossing is visible.,1.0,True,nvidia/nemotron-3-nano-omni-30b-a3b-reasoning,b1-prompt-v2,data/raw/vlm/463028594984560__b1-prompt-v2.json,,
463028594984560,Rothenburger Straße,2014-09-23T15:35:35+00:00,MURPhSdwtt1nKHJL2XkyEA,data/raw/mapillary/images/463028594984560.jpg,valid_v2,cycling_infrastructure,not_visible,No dedicated cycling infrastructure such as a cycle lane or track is visible.,1.0,True,nvidia/nemotron-3-nano-omni-30b-a3b-reasoning,b1-prompt-v2,data/raw/vlm/463028594984560__b1-prompt-v2.json,,
463028594984560,Rothenburger Straße,2014-09-23T15:35:35+00:00,MURPhSdwtt1nKHJL2XkyEA,data/raw/mapillary/images/463028594984560.jpg,valid_v2,parking,not_visible,No marked parking spaces or vehicles clearly parked at the kerb are visible.,1.0,True,nvidia/nemotron-3-nano-omni-30b-a3b-reasoning,b1-prompt-v2,data/raw/vlm/463028594984560__b1-prompt-v2.json,,
463028594984560,Rothenburger Straße,2014-09-23T15:35:35+00:00,MURPhSdwtt1nKHJL2XkyEA,data/raw/mapillary/images/463028594984560.jpg,valid_v2,trees_vegetation,not_visible,"No trees, shrubs, or other vegetation are visible in the image.",1.0,True,nvidia/nemotron-3-nano-omni-30b-a3b-reasoning,b1-prompt-v2,data/raw/vlm/463028594984560__b1-prompt-v2.json,,
463028594984560,Rothenburger Straße,2014-09-23T15:35:35+00:00,MURPhSdwtt1nKHJL2XkyEA,data/raw/mapillary/images/463028594984560.jpg,valid_v2,street_furniture,visible,A bicycle rack is visible on the sidewalk near the Thalia store.,1.0,True,nvidia/nemotron-3-nano-omni-30b-a3b-reasoning,b1-prompt-v2,data/raw/vlm/463028594984560__b1-prompt-v2.json,,
463028594984560,Rothenburger Straße,2014-09-23T15:35:35+00:00,MURPhSdwtt1nKHJL2XkyEA,data/raw/mapillary/images/463028594984560.jpg,valid_v2,lighting,not_visible,No physical street-lighting fixtures are visible in the image.,1.0,True,nvidia/nemotron-3-nano-omni-30b-a3b-reasoning,b1-prompt-v2,data/raw/vlm/463028594984560__b1-prompt-v2.json,,
463028594984560,Rothenburger Straße,2014-09-23T15:35:35+00:00,MURPhSdwtt1nKHJL2XkyEA,data/raw/mapillary/images/463028594984560.jpg,valid_v2,signage,visible,A white oval sign with the text 'Thalia.de' is mounted on the building facade.,1.0,True,nvidia/nemotron-3-nano-omni-30b-a3b-reasoning,b1-prompt-v2,data/raw/vlm/463028594984560__b1-prompt-v2.json,,
463028594984560,Rothenburger Straße,2014-09-23T15:35:35+00:00,MURPhSdwtt1nKHJL2XkyEA,data/raw/mapillary/images/463028594984560.jpg,valid_v2,barriers,not_visible,"No guardrails, fences, or access barriers are visible.",1.0,True,nvidia/nemotron-3-nano-omni-30b-a3b-reasoning,b1-prompt-v2,data/raw/vlm/463028594984560__b1-prompt-v2.json,,
463028594984560,Rothenburger Straße,2014-09-23T15:35:35+00:00,MURPhSdwtt1nKHJL2XkyEA,data/raw/mapillary/images/463028594984560.jpg,valid_v2,public_transport,not_visible,"No trams, buses, tram tracks, or stops are visible.",1.0,True,nvidia/nemotron-3-nano-omni-30b-a3b-reasoning,b1-prompt-v2,data/raw/vlm/463028594984560__b1-prompt-v2.json,,
463028594984560,Rothenburger Straße,2014-09-23T15:35:35+00:00,MURPhSdwtt1nKHJL2XkyEA,data/raw/mapillary/images/463028594984560.jpg,valid_v2,building_frontage,visible,The image shows the continuous building frontage of multi-story structures with ground-floor shops.,1.0,True,nvidia/nemotron-3-nano-omni-30b-a3b-reasoning,b1-prompt-v2,data/raw/vlm/463028594984560__b1-prompt-v2.json,,
463028594984560,Rothenburger Straße,2014-09-23T15:35:35+00:00,MURPhSdwtt1nKHJL2XkyEA,data/raw/mapillary/images/463028594984560.jpg,valid_v2,pedestrians,visible,A person is walking on the sidewalk in the background on the far right.,1.0,True,nvidia/nemotron-3-nano-omni-30b-a3b-reasoning,b1-prompt-v2,data/raw/vlm/463028594984560__b1-prompt-v2.json,,
463028594984560,Rothenburger Straße,2014-09-23T15:35:35+00:00,MURPhSdwtt1nKHJL2XkyEA,data/raw/mapillary/images/463028594984560.jpg,valid_v2,cyclists,visible,A person in a green jacket is riding a bicycle on the sidewalk.,1.0,True,nvidia/nemotron-3-nano-omni-30b-a3b-reasoning,b1-prompt-v2,data/raw/vlm/463028594984560__b1-prompt-v2.json,,
463028594984560,Rothenburger Straße,2014-09-23T15:35:35+00:00,MURPhSdwtt1nKHJL2XkyEA,data/raw/mapillary/images/463028594984560.jpg,valid_v2,motor_vehicles,visible,A black car is driving on the roadway in the foreground.,1.0,True,nvidia/nemotron-3-nano-omni-30b-a3b-reasoning,b1-prompt-v2,data/raw/vlm/463028594984560__b1-prompt-v2.json,,
463348118303970,Glacisstraße,2019-08-16T13:14:32.305000+00:00,1e84bfygnyvv13hddx1ewf,data/raw/mapillary/images/463348118303970.jpg,recovered_v2,sidewalk,not_visible,No sidewalk can be determined from this view.,0.9,True,nvidia/nemotron-3-nano-omni-30b-a3b-reasoning,b1-prompt-v2,data/raw/vlm/463348118303970__b1-prompt-v2.json,,
463348118303970,Glacisstraße,2019-08-16T13:14:32.305000+00:00,1e84bfygnyvv13hddx1ewf,data/raw/mapillary/images/463348118303970.jpg,recovered_v2,roadway,visible,The visible vehicle carriageway is paved asphalt with lane markings.,0.95,True,nvidia/nemotron-3-nano-omni-30b-a3b-reasoning,b1-prompt-v2,data/raw/vlm/463348118303970__b1-prompt-v2.json,,
463348118303970,Glacisstraße,2019-08-16T13:14:32.305000+00:00,1e84bfygnyvv13hddx1ewf,data/raw/mapillary/images/463348118303970.jpg,recovered_v2,curb,uncertain,The edge between the roadway and the construction area is unclear; curb status is uncertain.,0.6,True,nvidia/nemotron-3-nano-omni-30b-a3b-reasoning,b1-prompt-v2,data/raw/vlm/463348118303970__b1-prompt-v2.json,,
463348118303970,Glacisstraße,2019-08-16T13:14:32.305000+00:00,1e84bfygnyvv13hddx1ewf,data/raw/mapillary/images/463348118303970.jpg,recovered_v2,crossing,not_visible,No marked or physically defined pedestrian/cycle crossing is visible.,0.9,True,nvidia/nemotron-3-nano-omni-30b-a3b-reasoning,b1-prompt-v2,data/raw/vlm/463348118303970__b1-prompt-v2.json,,
463348118303970,Glacisstraße,2019-08-16T13:14:32.305000+00:00,1e84bfygnyvv13hddx1ewf,data/raw/mapillary/images/463348118303970.jpg,recovered_v2,cycling_infrastructure,not_visible,No dedicated cycling infrastructure such as a cycle lane or track is visible.,0.9,True,nvidia/nemotron-3-nano-omni-30b-a3b-reasoning,b1-prompt-v2,data/raw/vlm/463348118303970__b1-prompt-v2.json,,
463348118303970,Glacisstraße,2019-08-16T13:14:32.305000+00:00,1e84bfygnyvv13hddx1ewf,data/raw/mapillary/images/463348118303970.jpg,recovered_v2,parking,not_visible,No marked parking spaces or clearly parked vehicles are visible.,0.9,True,nvidia/nemotron-3-nano-omni-30b-a3b-reasoning,b1-prompt-v2,data/raw/vlm/463348118303970__b1-prompt-v2.json,,
463348118303970,Glacisstraße,2019-08-16T13:14:32.305000+00:00,1e84bfygnyvv13hddx1ewf,data/raw/mapillary/images/463348118303970.jpg,recovered_v2,trees_vegetation,visible,Multiple trees and green vegetation are visible in the background and along the street.,0.95,True,nvidia/nemotron-3-nano-omni-30b-a3b-reasoning,b1-prompt-v2,data/raw/vlm/463348118303970__b1-prompt-v2.json,,
463348118303970,Glacisstraße,2019-08-16T13:14:32.305000+00:00,1e84bfygnyvv13hddx1ewf,data/raw/mapillary/images/463348118303970.jpg,recovered_v2,street_furniture,visible,Yellow and red striped traffic barriers and bollards are visible on the left side.,0.9,True,nvidia/nemotron-3-nano-omni-30b-a3b-reasoning,b1-prompt-v2,data/raw/vlm/463348118303970__b1-prompt-v2.json,,
463348118303970,Glacisstraße,2019-08-16T13:14:32.305000+00:00,1e84bfygnyvv13hddx1ewf,data/raw/mapillary/images/463348118303970.jpg,recovered_v2,lighting,visible,A tall street lamp is visible on the right side of the image.,0.9,True,nvidia/nemotron-3-nano-omni-30b-a3b-reasoning,b1-prompt-v2,data/raw/vlm/463348118303970__b1-prompt-v2.json,,
463348118303970,Glacisstraße,2019-08-16T13:14:32.305000+00:00,1e84bfygnyvv13hddx1ewf,data/raw/mapillary/images/463348118303970.jpg,recovered_v2,signage,visible,A large yellow and white informational sign is visible in the middle ground.,0.9,True,nvidia/nemotron-3-nano-omni-30b-a3b-reasoning,b1-prompt-v2,data/raw/vlm/463348118303970__b1-prompt-v2.json,,
463348118303970,Glacisstraße,2019-08-16T13:14:32.305000+00:00,1e84bfygnyvv13hddx1ewf,data/raw/mapillary/images/463348118303970.jpg,recovered_v2,barriers,visible,"White and red striped barriers line the left side of the road, indicating construction.",0.95,True,nvidia/nemotron-3-nano-omni-30b-a3b-reasoning,b1-prompt-v2,data/raw/vlm/463348118303970__b1-prompt-v2.json,,
463348118303970,Glacisstraße,2019-08-16T13:14:32.305000+00:00,1e84bfygnyvv13hddx1ewf,data/raw/mapillary/images/463348118303970.jpg,recovered_v2,public_transport,not_visible,"No trams, buses, or rail vehicles are visible.",0.9,True,nvidia/nemotron-3-nano-omni-30b-a3b-reasoning,b1-prompt-v2,data/raw/vlm/463348118303970__b1-prompt-v2.json,,
463348118303970,Glacisstraße,2019-08-16T13:14:32.305000+00:00,1e84bfygnyvv13hddx1ewf,data/raw/mapillary/images/463348118303970.jpg,recovered_v2,building_frontage,visible,A multi-story building with a red-tiled roof is visible in the background.,0.9,True,nvidia/nemotron-3-nano-omni-30b-a3b-reasoning,b1-prompt-v2,data/raw/vlm/463348118303970__b1-prompt-v2.json,,
463348118303970,Glacisstraße,2019-08-16T13:14:32.305000+00:00,1e84bfygnyvv13hddx1ewf,data/raw/mapillary/images/463348118303970.jpg,recovered_v2,pedestrians,not_visible,No pedestrians are visible in the street space.,0.9,True,nvidia/nemotron-3-nano-omni-30b-a3b-reasoning,b1-prompt-v2,data/raw/vlm/463348118303970__b1-prompt-v2.json,,
463348118303970,Glacisstraße,2019-08-16T13:14:32.305000+00:00,1e84bfygnyvv13hddx1ewf,data/raw/mapillary/images/463348118303970.jpg,recovered_v2,cyclists,visible,"Two cyclists are riding on the roadway, one in a grey shirt and one in a red shirt.",0.95,True,nvidia/nemotron-3-nano-omni-30b-a3b-reasoning,b1-prompt-v2,data/raw/vlm/463348118303970__b1-prompt-v2.json,,
463348118303970,Glacisstraße,2019-08-16T13:14:32.305000+00:00,1e84bfygnyvv13hddx1ewf,data/raw/mapillary/images/463348118303970.jpg,recovered_v2,motor_vehicles,visible,"Several motor vehicles, including cars, are visible on the roadway.",0.9,True,nvidia/nemotron-3-nano-omni-30b-a3b-reasoning,b1-prompt-v2,data/raw/vlm/463348118303970__b1-prompt-v2.json,,
953328392144380,Julie-Salinger-Weg,2017-08-27T17:22:15+00:00,b9jlf4kyd0k9cx94389i7t,data/raw/mapillary/images/953328392144380.jpg,valid_v2,sidewalk,visible,"A paved sidewalk runs along the right side of the roadway, made of light-colored stones.",0.95,True,nvidia/nemotron-3-nano-omni-30b-a3b-reasoning,b1-prompt-v2,data/raw/vlm/953328392144380__b1-prompt-v2.json,,
953328392144380,Julie-Salinger-Weg,2017-08-27T17:22:15+00:00,b9jlf4kyd0k9cx94389i7t,data/raw/mapillary/images/953328392144380.jpg,valid_v2,roadway,visible,The roadway is a dark asphalt surface extending into the distance.,0.98,True,nvidia/nemotron-3-nano-omni-30b-a3b-reasoning,b1-prompt-v2,data/raw/vlm/953328392144380__b1-prompt-v2.json,,
953328392144380,Julie-Salinger-Weg,2017-08-27T17:22:15+00:00,b9jlf4kyd0k9cx94389i7t,data/raw/mapillary/images/953328392144380.jpg,valid_v2,curb,visible,A raised curb separates the roadway from the sidewalk on the right and from the planting bed on the left.,0.97,True,nvidia/nemotron-3-nano-omni-30b-a3b-reasoning,b1-prompt-v2,data/raw/vlm/953328392144380__b1-prompt-v2.json,,
953328392144380,Julie-Salinger-Weg,2017-08-27T17:22:15+00:00,b9jlf4kyd0k9cx94389i7t,data/raw/mapillary/images/953328392144380.jpg,valid_v2,crossing,not_visible,No marked or physically defined pedestrian or cycle crossing is visible.,1.0,True,nvidia/nemotron-3-nano-omni-30b-a3b-reasoning,b1-prompt-v2,data/raw/vlm/953328392144380__b1-prompt-v2.json,,
953328392144380,Julie-Salinger-Weg,2017-08-27T17:22:15+00:00,b9jlf4kyd0k9cx94389i7t,data/raw/mapillary/images/953328392144380.jpg,valid_v2,cycling_infrastructure,visible,A bicycle rack is visible on the right sidewalk near the buildings.,0.96,True,nvidia/nemotron-3-nano-omni-30b-a3b-reasoning,b1-prompt-v2,data/raw/vlm/953328392144380__b1-prompt-v2.json,,
953328392144380,Julie-Salinger-Weg,2017-08-27T17:22:15+00:00,b9jlf4kyd0k9cx94389i7t,data/raw/mapillary/images/953328392144380.jpg,valid_v2,parking,visible,Bicycles are parked at the bicycle rack on the right sidewalk.,0.94,True,nvidia/nemotron-3-nano-omni-30b-a3b-reasoning,b1-prompt-v2,data/raw/vlm/953328392144380__b1-prompt-v2.json,,
953328392144380,Julie-Salinger-Weg,2017-08-27T17:22:15+00:00,b9jlf4kyd0k9cx94389i7t,data/raw/mapillary/images/953328392144380.jpg,valid_v2,trees_vegetation,visible,Young trees and shrubs are planted in a bed along the left side of the roadway.,0.98,True,nvidia/nemotron-3-nano-omni-30b-a3b-reasoning,b1-prompt-v2,data/raw/vlm/953328392144380__b1-prompt-v2.json,,
953328392144380,Julie-Salinger-Weg,2017-08-27T17:22:15+00:00,b9jlf4kyd0k9cx94389i7t,data/raw/mapillary/images/953328392144380.jpg,valid_v2,street_furniture,visible,A black waste bin is visible on the left sidewalk near the planting bed.,0.95,True,nvidia/nemotron-3-nano-omni-30b-a3b-reasoning,b1-prompt-v2,data/raw/vlm/953328392144380__b1-prompt-v2.json,,
953328392144380,Julie-Salinger-Weg,2017-08-27T17:22:15+00:00,b9jlf4kyd0k9cx94389i7t,data/raw/mapillary/images/953328392144380.jpg,valid_v2,lighting,not_visible,No physical street-lighting fixtures are visible in the image.,1.0,True,nvidia/nemotron-3-nano-omni-30b-a3b-reasoning,b1-prompt-v2,data/raw/vlm/953328392144380__b1-prompt-v2.json,,
953328392144380,Julie-Salinger-Weg,2017-08-27T17:22:15+00:00,b9jlf4kyd0k9cx94389i7t,data/raw/mapillary/images/953328392144380.jpg,valid_v2,signage,not_visible,"No traffic, parking, street-name, or other public signs are visible.",1.0,True,nvidia/nemotron-3-nano-omni-30b-a3b-reasoning,b1-prompt-v2,data/raw/vlm/953328392144380__b1-prompt-v2.json,,
953328392144380,Julie-Salinger-Weg,2017-08-27T17:22:15+00:00,b9jlf4kyd0k9cx94389i7t,data/raw/mapillary/images/953328392144380.jpg,valid_v2,barriers,not_visible,"No guardrails, fences, barrier posts, or access barriers are visible.",1.0,True,nvidia/nemotron-3-nano-omni-30b-a3b-reasoning,b1-prompt-v2,data/raw/vlm/953328392144380__b1-prompt-v2.json,,
953328392144380,Julie-Salinger-Weg,2017-08-27T17:22:15+00:00,b9jlf4kyd0k9cx94389i7t,data/raw/mapillary/images/953328392144380.jpg,valid_v2,public_transport,not_visible,"No trams, buses, tram tracks, stops, platforms, or shelters are visible.",1.0,True,nvidia/nemotron-3-nano-omni-30b-a3b-reasoning,b1-prompt-v2,data/raw/vlm/953328392144380__b1-prompt-v2.json,,
953328392144380,Julie-Salinger-Weg,2017-08-27T17:22:15+00:00,b9jlf4kyd0k9cx94389i7t,data/raw/mapillary/images/953328392144380.jpg,valid_v2,building_frontage,visible,Modern multi-story buildings with white and dark facades line both sides of the street.,0.99,True,nvidia/nemotron-3-nano-omni-30b-a3b-reasoning,b1-prompt-v2,data/raw/vlm/953328392144380__b1-prompt-v2.json,,
953328392144380,Julie-Salinger-Weg,2017-08-27T17:22:15+00:00,b9jlf4kyd0k9cx94389i7t,data/raw/mapillary/images/953328392144380.jpg,valid_v2,pedestrians,not_visible,No pedestrians are visible in the street space.,1.0,True,nvidia/nemotron-3-nano-omni-30b-a3b-reasoning,b1-prompt-v2,data/raw/vlm/953328392144380__b1-prompt-v2.json,,
953328392144380,Julie-Salinger-Weg,2017-08-27T17:22:15+00:00,b9jlf4kyd0k9cx94389i7t,data/raw/mapillary/images/953328392144380.jpg,valid_v2,cyclists,not_visible,No people riding or pushing bicycles are visible.,1.0,True,nvidia/nemotron-3-nano-omni-30b-a3b-reasoning,b1-prompt-v2,data/raw/vlm/953328392144380__b1-prompt-v2.json,,
953328392144380,Julie-Salinger-Weg,2017-08-27T17:22:15+00:00,b9jlf4kyd0k9cx94389i7t,data/raw/mapillary/images/953328392144380.jpg,valid_v2,motor_vehicles,not_visible,"No cars, vans, trucks, buses, or motorcycles are visible.",1.0,True,nvidia/nemotron-3-nano-omni-30b-a3b-reasoning,b1-prompt-v2,data/raw/vlm/953328392144380__b1-prompt-v2.json,,
1310989124568536,Louisenstraße,2026-05-20T17:12:43.209000+00:00,8oCvQHpSiz5TYDmhLGAuef,data/raw/mapillary/images/1310989124568536.jpg,valid_v2,sidewalk,visible,"A paved sidewalk runs along the street, with people walking on it.",0.95,True,nvidia/nemotron-3-nano-omni-30b-a3b-reasoning,b1-prompt-v2,data/raw/vlm/1310989124568536__b1-prompt-v2.json,,
1310989124568536,Louisenstraße,2026-05-20T17:12:43.209000+00:00,8oCvQHpSiz5TYDmhLGAuef,data/raw/mapillary/images/1310989124568536.jpg,valid_v2,roadway,visible,The asphalt roadway occupies the foreground and middle ground of the image.,0.98,True,nvidia/nemotron-3-nano-omni-30b-a3b-reasoning,b1-prompt-v2,data/raw/vlm/1310989124568536__b1-prompt-v2.json,,
1310989124568536,Louisenstraße,2026-05-20T17:12:43.209000+00:00,8oCvQHpSiz5TYDmhLGAuef,data/raw/mapillary/images/1310989124568536.jpg,valid_v2,curb,visible,A raised curb separates the roadway from the sidewalk and cobblestone area.,0.97,True,nvidia/nemotron-3-nano-omni-30b-a3b-reasoning,b1-prompt-v2,data/raw/vlm/1310989124568536__b1-prompt-v2.json,,
1310989124568536,Louisenstraße,2026-05-20T17:12:43.209000+00:00,8oCvQHpSiz5TYDmhLGAuef,data/raw/mapillary/images/1310989124568536.jpg,valid_v2,crossing,not_visible,No marked or physically defined pedestrian or cycle crossing is visible.,0.99,True,nvidia/nemotron-3-nano-omni-30b-a3b-reasoning,b1-prompt-v2,data/raw/vlm/1310989124568536__b1-prompt-v2.json,,
1310989124568536,Louisenstraße,2026-05-20T17:12:43.209000+00:00,8oCvQHpSiz5TYDmhLGAuef,data/raw/mapillary/images/1310989124568536.jpg,valid_v2,cycling_infrastructure,visible,A row of yellow bicycles is parked in a designated bicycle rack.,0.96,True,nvidia/nemotron-3-nano-omni-30b-a3b-reasoning,b1-prompt-v2,data/raw/vlm/1310989124568536__b1-prompt-v2.json,,
1310989124568536,Louisenstraße,2026-05-20T17:12:43.209000+00:00,8oCvQHpSiz5TYDmhLGAuef,data/raw/mapillary/images/1310989124568536.jpg,valid_v2,parking,visible,"A yellow car is parked at the curb, and other vehicles are parked along the street.",0.94,True,nvidia/nemotron-3-nano-omni-30b-a3b-reasoning,b1-prompt-v2,data/raw/vlm/1310989124568536__b1-prompt-v2.json,,
1310989124568536,Louisenstraße,2026-05-20T17:12:43.209000+00:00,8oCvQHpSiz5TYDmhLGAuef,data/raw/mapillary/images/1310989124568536.jpg,valid_v2,trees_vegetation,visible,Trees with green leaves are visible on the left side of the image.,0.93,True,nvidia/nemotron-3-nano-omni-30b-a3b-reasoning,b1-prompt-v2,data/raw/vlm/1310989124568536__b1-prompt-v2.json,,
1310989124568536,Louisenstraße,2026-05-20T17:12:43.209000+00:00,8oCvQHpSiz5TYDmhLGAuef,data/raw/mapillary/images/1310989124568536.jpg,valid_v2,street_furniture,visible,A yellow bicycle rack and a small wooden kiosk are present on the sidewalk.,0.92,True,nvidia/nemotron-3-nano-omni-30b-a3b-reasoning,b1-prompt-v2,data/raw/vlm/1310989124568536__b1-prompt-v2.json,,
1310989124568536,Louisenstraße,2026-05-20T17:12:43.209000+00:00,8oCvQHpSiz5TYDmhLGAuef,data/raw/mapillary/images/1310989124568536.jpg,valid_v2,lighting,not_visible,No physical street-lighting fixtures are visible in the image.,0.98,True,nvidia/nemotron-3-nano-omni-30b-a3b-reasoning,b1-prompt-v2,data/raw/vlm/1310989124568536__b1-prompt-v2.json,,
1310989124568536,Louisenstraße,2026-05-20T17:12:43.209000+00:00,8oCvQHpSiz5TYDmhLGAuef,data/raw/mapillary/images/1310989124568536.jpg,valid_v2,signage,visible,A red triangular warning sign with an exclamation mark is visible on the right.,0.97,True,nvidia/nemotron-3-nano-omni-30b-a3b-reasoning,b1-prompt-v2,data/raw/vlm/1310989124568536__b1-prompt-v2.json,,
1310989124568536,Louisenstraße,2026-05-20T17:12:43.209000+00:00,8oCvQHpSiz5TYDmhLGAuef,data/raw/mapillary/images/1310989124568536.jpg,valid_v2,barriers,visible,A metal barrier with stacked blocks is visible on the right sidewalk.,0.95,True,nvidia/nemotron-3-nano-omni-30b-a3b-reasoning,b1-prompt-v2,data/raw/vlm/1310989124568536__b1-prompt-v2.json,,
1310989124568536,Louisenstraße,2026-05-20T17:12:43.209000+00:00,8oCvQHpSiz5TYDmhLGAuef,data/raw/mapillary/images/1310989124568536.jpg,valid_v2,public_transport,not_visible,"No trams, buses, or rail vehicles are visible in the image.",0.99,True,nvidia/nemotron-3-nano-omni-30b-a3b-reasoning,b1-prompt-v2,data/raw/vlm/1310989124568536__b1-prompt-v2.json,,
1310989124568536,Louisenstraße,2026-05-20T17:12:43.209000+00:00,8oCvQHpSiz5TYDmhLGAuef,data/raw/mapillary/images/1310989124568536.jpg,valid_v2,building_frontage,visible,A grey building with graffiti and a storefront is visible along the street.,0.96,True,nvidia/nemotron-3-nano-omni-30b-a3b-reasoning,b1-prompt-v2,data/raw/vlm/1310989124568536__b1-prompt-v2.json,,
1310989124568536,Louisenstraße,2026-05-20T17:12:43.209000+00:00,8oCvQHpSiz5TYDmhLGAuef,data/raw/mapillary/images/1310989124568536.jpg,valid_v2,pedestrians,visible,Several pedestrians are walking on the sidewalk.,0.97,True,nvidia/nemotron-3-nano-omni-30b-a3b-reasoning,b1-prompt-v2,data/raw/vlm/1310989124568536__b1-prompt-v2.json,,
1310989124568536,Louisenstraße,2026-05-20T17:12:43.209000+00:00,8oCvQHpSiz5TYDmhLGAuef,data/raw/mapillary/images/1310989124568536.jpg,valid_v2,cyclists,not_visible,No people riding or pushing bicycles are visible.,0.98,True,nvidia/nemotron-3-nano-omni-30b-a3b-reasoning,b1-prompt-v2,data/raw/vlm/1310989124568536__b1-prompt-v2.json,,
1310989124568536,Louisenstraße,2026-05-20T17:12:43.209000+00:00,8oCvQHpSiz5TYDmhLGAuef,data/raw/mapillary/images/1310989124568536.jpg,valid_v2,motor_vehicles,visible,"A yellow car is parked on the street, and other vehicles are visible in the background.",0.95,True,nvidia/nemotron-3-nano-omni-30b-a3b-reasoning,b1-prompt-v2,data/raw/vlm/1310989124568536__b1-prompt-v2.json,,
2692011060961999,Kamenzer Straße,2024-02-19T15:41:22.102000+00:00,Ec64U0vCgXiVx2n3AQrzO8,data/raw/mapillary/images/2692011060961999.jpg,valid_v2,sidewalk,visible,A paved sidewalk with cobblestone and concrete sections runs along the right side of the road.,1.0,True,nvidia/nemotron-3-nano-omni-30b-a3b-reasoning,b1-prompt-v2,data/raw/vlm/2692011060961999__b1-prompt-v2.json,,
2692011060961999,Kamenzer Straße,2024-02-19T15:41:22.102000+00:00,Ec64U0vCgXiVx2n3AQrzO8,data/raw/mapillary/images/2692011060961999.jpg,valid_v2,roadway,visible,"The asphalt roadway is visible on the left side of the image, with vehicles parked along the curb.",1.0,True,nvidia/nemotron-3-nano-omni-30b-a3b-reasoning,b1-prompt-v2,data/raw/vlm/2692011060961999__b1-prompt-v2.json,,
2692011060961999,Kamenzer Straße,2024-02-19T15:41:22.102000+00:00,Ec64U0vCgXiVx2n3AQrzO8,data/raw/mapillary/images/2692011060961999.jpg,valid_v2,curb,visible,"A raised curb separates the roadway from the sidewalk, constructed with cobblestones and concrete.",1.0,True,nvidia/nemotron-3-nano-omni-30b-a3b-reasoning,b1-prompt-v2,data/raw/vlm/2692011060961999__b1-prompt-v2.json,,
2692011060961999,Kamenzer Straße,2024-02-19T15:41:22.102000+00:00,Ec64U0vCgXiVx2n3AQrzO8,data/raw/mapillary/images/2692011060961999.jpg,valid_v2,crossing,not_visible,No marked or physically defined pedestrian or cycle crossing is visible in this view.,1.0,True,nvidia/nemotron-3-nano-omni-30b-a3b-reasoning,b1-prompt-v2,data/raw/vlm/2692011060961999__b1-prompt-v2.json,,
2692011060961999,Kamenzer Straße,2024-02-19T15:41:22.102000+00:00,Ec64U0vCgXiVx2n3AQrzO8,data/raw/mapillary/images/2692011060961999.jpg,valid_v2,cycling_infrastructure,not_visible,"No cycling infrastructure such as cycle lanes, tracks, or markings is visible.",1.0,True,nvidia/nemotron-3-nano-omni-30b-a3b-reasoning,b1-prompt-v2,data/raw/vlm/2692011060961999__b1-prompt-v2.json,,
2692011060961999,Kamenzer Straße,2024-02-19T15:41:22.102000+00:00,Ec64U0vCgXiVx2n3AQrzO8,data/raw/mapillary/images/2692011060961999.jpg,valid_v2,parking,visible,Several cars are parked along the curb on the left side of the roadway.,1.0,True,nvidia/nemotron-3-nano-omni-30b-a3b-reasoning,b1-prompt-v2,data/raw/vlm/2692011060961999__b1-prompt-v2.json,,
2692011060961999,Kamenzer Straße,2024-02-19T15:41:22.102000+00:00,Ec64U0vCgXiVx2n3AQrzO8,data/raw/mapillary/images/2692011060961999.jpg,valid_v2,trees_vegetation,visible,Green foliage from a tree or shrub is visible behind a black metal fence on the right side.,1.0,True,nvidia/nemotron-3-nano-omni-30b-a3b-reasoning,b1-prompt-v2,data/raw/vlm/2692011060961999__b1-prompt-v2.json,,
2692011060961999,Kamenzer Straße,2024-02-19T15:41:22.102000+00:00,Ec64U0vCgXiVx2n3AQrzO8,data/raw/mapillary/images/2692011060961999.jpg,valid_v2,street_furniture,visible,"A black metal fence and a concrete wall with graffiti are visible on the right, along with a green metal gate.",1.0,True,nvidia/nemotron-3-nano-omni-30b-a3b-reasoning,b1-prompt-v2,data/raw/vlm/2692011060961999__b1-prompt-v2.json,,
2692011060961999,Kamenzer Straße,2024-02-19T15:41:22.102000+00:00,Ec64U0vCgXiVx2n3AQrzO8,data/raw/mapillary/images/2692011060961999.jpg,valid_v2,lighting,not_visible,No physical street-lighting fixtures are visible in this image.,1.0,True,nvidia/nemotron-3-nano-omni-30b-a3b-reasoning,b1-prompt-v2,data/raw/vlm/2692011060961999__b1-prompt-v2.json,,
2692011060961999,Kamenzer Straße,2024-02-19T15:41:22.102000+00:00,Ec64U0vCgXiVx2n3AQrzO8,data/raw/mapillary/images/2692011060961999.jpg,valid_v2,signage,visible,A circular blue and red traffic sign is mounted on a pole in the middle distance.,1.0,True,nvidia/nemotron-3-nano-omni-30b-a3b-reasoning,b1-prompt-v2,data/raw/vlm/2692011060961999__b1-prompt-v2.json,,
2692011060961999,Kamenzer Straße,2024-02-19T15:41:22.102000+00:00,Ec64U0vCgXiVx2n3AQrzO8,data/raw/mapillary/images/2692011060961999.jpg,valid_v2,barriers,visible,A black metal fence and a concrete wall with graffiti function as barriers on the right side.,1.0,True,nvidia/nemotron-3-nano-omni-30b-a3b-reasoning,b1-prompt-v2,data/raw/vlm/2692011060961999__b1-prompt-v2.json,,
2692011060961999,Kamenzer Straße,2024-02-19T15:41:22.102000+00:00,Ec64U0vCgXiVx2n3AQrzO8,data/raw/mapillary/images/2692011060961999.jpg,valid_v2,public_transport,not_visible,"No trams, buses, tram tracks, or related public transport infrastructure are visible.",1.0,True,nvidia/nemotron-3-nano-omni-30b-a3b-reasoning,b1-prompt-v2,data/raw/vlm/2692011060961999__b1-prompt-v2.json,,
2692011060961999,Kamenzer Straße,2024-02-19T15:41:22.102000+00:00,Ec64U0vCgXiVx2n3AQrzO8,data/raw/mapillary/images/2692011060961999.jpg,valid_v2,building_frontage,visible,A multi-story yellow brick building with ornate details lines the left side of the street.,1.0,True,nvidia/nemotron-3-nano-omni-30b-a3b-reasoning,b1-prompt-v2,data/raw/vlm/2692011060961999__b1-prompt-v2.json,,
2692011060961999,Kamenzer Straße,2024-02-19T15:41:22.102000+00:00,Ec64U0vCgXiVx2n3AQrzO8,data/raw/mapillary/images/2692011060961999.jpg,valid_v2,pedestrians,visible,Two pedestrians are walking on the sidewalk in the distance on the left side.,1.0,True,nvidia/nemotron-3-nano-omni-30b-a3b-reasoning,b1-prompt-v2,data/raw/vlm/2692011060961999__b1-prompt-v2.json,,
2692011060961999,Kamenzer Straße,2024-02-19T15:41:22.102000+00:00,Ec64U0vCgXiVx2n3AQrzO8,data/raw/mapillary/images/2692011060961999.jpg,valid_v2,cyclists,not_visible,No cyclists are visible in this image.,1.0,True,nvidia/nemotron-3-nano-omni-30b-a3b-reasoning,b1-prompt-v2,data/raw/vlm/2692011060961999__b1-prompt-v2.json,,
2692011060961999,Kamenzer Straße,2024-02-19T15:41:22.102000+00:00,Ec64U0vCgXiVx2n3AQrzO8,data/raw/mapillary/images/2692011060961999.jpg,valid_v2,motor_vehicles,visible,A black car and a beige van are parked on the left side of the roadway.,1.0,True,nvidia/nemotron-3-nano-omni-30b-a3b-reasoning,b1-prompt-v2,data/raw/vlm/2692011060961999__b1-prompt-v2.json,,
1391393364587653,Jordanstraße,2017-10-27T09:46:40.567000+00:00,10-ek7zZyxDqVLwgmA61Gw,data/raw/mapillary/images/1391393364587653.jpg,recovered_v2,sidewalk,visible,A paved sidewalk made of large rectangular stone slabs runs along the right side of the street.,0.95,True,nvidia/nemotron-3-nano-omni-30b-a3b-reasoning,b1-prompt-v2,data/raw/vlm/1391393364587653__b1-prompt-v2.json,,
1391393364587653,Jordanstraße,2017-10-27T09:46:40.567000+00:00,10-ek7zZyxDqVLwgmA61Gw,data/raw/mapillary/images/1391393364587653.jpg,recovered_v2,roadway,visible,"The roadway is the cobblestone street on the left side, where vehicles are parked.",0.95,True,nvidia/nemotron-3-nano-omni-30b-a3b-reasoning,b1-prompt-v2,data/raw/vlm/1391393364587653__b1-prompt-v2.json,,
1391393364587653,Jordanstraße,2017-10-27T09:46:40.567000+00:00,10-ek7zZyxDqVLwgmA61Gw,data/raw/mapillary/images/1391393364587653.jpg,recovered_v2,curb,visible,A raised curb separates the cobblestone roadway from the sidewalk.,0.98,True,nvidia/nemotron-3-nano-omni-30b-a3b-reasoning,b1-prompt-v2,data/raw/vlm/1391393364587653__b1-prompt-v2.json,,
1391393364587653,Jordanstraße,2017-10-27T09:46:40.567000+00:00,10-ek7zZyxDqVLwgmA61Gw,data/raw/mapillary/images/1391393364587653.jpg,recovered_v2,crossing,not_visible,No marked or physically defined pedestrian or cycle crossing is visible.,0.99,True,nvidia/nemotron-3-nano-omni-30b-a3b-reasoning,b1-prompt-v2,data/raw/vlm/1391393364587653__b1-prompt-v2.json,,
1391393364587653,Jordanstraße,2017-10-27T09:46:40.567000+00:00,10-ek7zZyxDqVLwgmA61Gw,data/raw/mapillary/images/1391393364587653.jpg,recovered_v2,cycling_infrastructure,not_visible,"No dedicated cycle lane, track, or bicycle markings are visible.",0.99,True,nvidia/nemotron-3-nano-omni-30b-a3b-reasoning,b1-prompt-v2,data/raw/vlm/1391393364587653__b1-prompt-v2.json,,
1391393364587653,Jordanstraße,2017-10-27T09:46:40.567000+00:00,10-ek7zZyxDqVLwgmA61Gw,data/raw/mapillary/images/1391393364587653.jpg,recovered_v2,parking,visible,Multiple cars are parked along the curb on the left side of the street.,0.98,True,nvidia/nemotron-3-nano-omni-30b-a3b-reasoning,b1-prompt-v2,data/raw/vlm/1391393364587653__b1-prompt-v2.json,,
1391393364587653,Jordanstraße,2017-10-27T09:46:40.567000+00:00,10-ek7zZyxDqVLwgmA61Gw,data/raw/mapillary/images/1391393364587653.jpg,recovered_v2,trees_vegetation,visible,A tree with green leaves is visible in the background between buildings.,0.9,True,nvidia/nemotron-3-nano-omni-30b-a3b-reasoning,b1-prompt-v2,data/raw/vlm/1391393364587653__b1-prompt-v2.json,,
1391393364587653,Jordanstraße,2017-10-27T09:46:40.567000+00:00,10-ek7zZyxDqVLwgmA61Gw,data/raw/mapillary/images/1391393364587653.jpg,recovered_v2,street_furniture,not_visible,"No benches, bins, bicycle racks, or other public-space objects are visible.",0.99,True,nvidia/nemotron-3-nano-omni-30b-a3b-reasoning,b1-prompt-v2,data/raw/vlm/1391393364587653__b1-prompt-v2.json,,
1391393364587653,Jordanstraße,2017-10-27T09:46:40.567000+00:00,10-ek7zZyxDqVLwgmA61Gw,data/raw/mapillary/images/1391393364587653.jpg,recovered_v2,lighting,not_visible,No physical street-lighting fixtures are visible.,0.99,True,nvidia/nemotron-3-nano-omni-30b-a3b-reasoning,b1-prompt-v2,data/raw/vlm/1391393364587653__b1-prompt-v2.json,,
1391393364587653,Jordanstraße,2017-10-27T09:46:40.567000+00:00,10-ek7zZyxDqVLwgmA61Gw,data/raw/mapillary/images/1391393364587653.jpg,recovered_v2,signage,not_visible,"No traffic, parking, street-name, or wayfinding signs are visible.",0.99,True,nvidia/nemotron-3-nano-omni-30b-a3b-reasoning,b1-prompt-v2,data/raw/vlm/1391393364587653__b1-prompt-v2.json,,
1391393364587653,Jordanstraße,2017-10-27T09:46:40.567000+00:00,10-ek7zZyxDqVLwgmA61Gw,data/raw/mapillary/images/1391393364587653.jpg,recovered_v2,barriers,not_visible,"No guardrails, fences, barrier posts, or access barriers are visible.",0.99,True,nvidia/nemotron-3-nano-omni-30b-a3b-reasoning,b1-prompt-v2,data/raw/vlm/1391393364587653__b1-prompt-v2.json,,
1391393364587653,Jordanstraße,2017-10-27T09:46:40.567000+00:00,10-ek7zZyxDqVLwgmA61Gw,data/raw/mapillary/images/1391393364587653.jpg,recovered_v2,public_transport,not_visible,"No trams, buses, tram tracks, stops, or platforms are visible.",0.99,True,nvidia/nemotron-3-nano-omni-30b-a3b-reasoning,b1-prompt-v2,data/raw/vlm/1391393364587653__b1-prompt-v2.json,,
1391393364587653,Jordanstraße,2017-10-27T09:46:40.567000+00:00,10-ek7zZyxDqVLwgmA61Gw,data/raw/mapillary/images/1391393364587653.jpg,recovered_v2,building_frontage,visible,Multi-story buildings with facades line both sides of the street.,0.98,True,nvidia/nemotron-3-nano-omni-30b-a3b-reasoning,b1-prompt-v2,data/raw/vlm/1391393364587653__b1-prompt-v2.json,,
1391393364587653,Jordanstraße,2017-10-27T09:46:40.567000+00:00,10-ek7zZyxDqVLwgmA61Gw,data/raw/mapillary/images/1391393364587653.jpg,recovered_v2,pedestrians,visible,A person is walking in the distance on the sidewalk.,0.95,True,nvidia/nemotron-3-nano-omni-30b-a3b-reasoning,b1-prompt-v2,data/raw/vlm/1391393364587653__b1-prompt-v2.json,,
1391393364587653,Jordanstraße,2017-10-27T09:46:40.567000+00:00,10-ek7zZyxDqVLwgmA61Gw,data/raw/mapillary/images/1391393364587653.jpg,recovered_v2,cyclists,not_visible,No people riding or pushing bicycles are visible.,0.99,True,nvidia/nemotron-3-nano-omni-30b-a3b-reasoning,b1-prompt-v2,data/raw/vlm/1391393364587653__b1-prompt-v2.json,,
1391393364587653,Jordanstraße,2017-10-27T09:46:40.567000+00:00,10-ek7zZyxDqVLwgmA61Gw,data/raw/mapillary/images/1391393364587653.jpg,recovered_v2,motor_vehicles,visible,Several cars are parked along the left side of the street.,0.98,True,nvidia/nemotron-3-nano-omni-30b-a3b-reasoning,b1-prompt-v2,data/raw/vlm/1391393364587653__b1-prompt-v2.json,,
460745525028316,Martin-Luther-Straße,2018-04-07T19:20:03+00:00,tp9rihzskdk248s8kj1ww5,data/raw/mapillary/images/460745525028316.jpg,valid_v2,sidewalk,visible,Paved pedestrian surface runs along both sides of the roadway.,1.0,True,nvidia/nemotron-3-nano-omni-30b-a3b-reasoning,b1-prompt-v2,data/raw/vlm/460745525028316__b1-prompt-v2.json,,
460745525028316,Martin-Luther-Straße,2018-04-07T19:20:03+00:00,tp9rihzskdk248s8kj1ww5,data/raw/mapillary/images/460745525028316.jpg,valid_v2,roadway,visible,Asphalt roadway occupies the central portion of the image.,1.0,True,nvidia/nemotron-3-nano-omni-30b-a3b-reasoning,b1-prompt-v2,data/raw/vlm/460745525028316__b1-prompt-v2.json,,
460745525028316,Martin-Luther-Straße,2018-04-07T19:20:03+00:00,tp9rihzskdk248s8kj1ww5,data/raw/mapillary/images/460745525028316.jpg,valid_v2,curb,visible,Raised concrete curbs separate the roadway from the sidewalks on both sides.,1.0,True,nvidia/nemotron-3-nano-omni-30b-a3b-reasoning,b1-prompt-v2,data/raw/vlm/460745525028316__b1-prompt-v2.json,,
460745525028316,Martin-Luther-Straße,2018-04-07T19:20:03+00:00,tp9rihzskdk248s8kj1ww5,data/raw/mapillary/images/460745525028316.jpg,valid_v2,crossing,not_visible,No marked or physically defined pedestrian or cycle crossing is visible.,1.0,True,nvidia/nemotron-3-nano-omni-30b-a3b-reasoning,b1-prompt-v2,data/raw/vlm/460745525028316__b1-prompt-v2.json,,
460745525028316,Martin-Luther-Straße,2018-04-07T19:20:03+00:00,tp9rihzskdk248s8kj1ww5,data/raw/mapillary/images/460745525028316.jpg,valid_v2,cycling_infrastructure,not_visible,"No dedicated cycle lane, track, or bicycle markings are visible.",1.0,True,nvidia/nemotron-3-nano-omni-30b-a3b-reasoning,b1-prompt-v2,data/raw/vlm/460745525028316__b1-prompt-v2.json,,
460745525028316,Martin-Luther-Straße,2018-04-07T19:20:03+00:00,tp9rihzskdk248s8kj1ww5,data/raw/mapillary/images/460745525028316.jpg,valid_v2,parking,not_visible,No marked parking spaces or parked vehicles are visible.,1.0,True,nvidia/nemotron-3-nano-omni-30b-a3b-reasoning,b1-prompt-v2,data/raw/vlm/460745525028316__b1-prompt-v2.json,,
460745525028316,Martin-Luther-Straße,2018-04-07T19:20:03+00:00,tp9rihzskdk248s8kj1ww5,data/raw/mapillary/images/460745525028316.jpg,valid_v2,trees_vegetation,visible,A leafless tree stands in the middle ground between the buildings.,1.0,True,nvidia/nemotron-3-nano-omni-30b-a3b-reasoning,b1-prompt-v2,data/raw/vlm/460745525028316__b1-prompt-v2.json,,
460745525028316,Martin-Luther-Straße,2018-04-07T19:20:03+00:00,tp9rihzskdk248s8kj1ww5,data/raw/mapillary/images/460745525028316.jpg,valid_v2,street_furniture,visible,A metal fence and a small trash bin are visible on the right sidewalk.,1.0,True,nvidia/nemotron-3-nano-omni-30b-a3b-reasoning,b1-prompt-v2,data/raw/vlm/460745525028316__b1-prompt-v2.json,,
460745525028316,Martin-Luther-Straße,2018-04-07T19:20:03+00:00,tp9rihzskdk248s8kj1ww5,data/raw/mapillary/images/460745525028316.jpg,valid_v2,lighting,not_visible,No physical street-lighting fixtures are visible.,1.0,True,nvidia/nemotron-3-nano-omni-30b-a3b-reasoning,b1-prompt-v2,data/raw/vlm/460745525028316__b1-prompt-v2.json,,
460745525028316,Martin-Luther-Straße,2018-04-07T19:20:03+00:00,tp9rihzskdk248s8kj1ww5,data/raw/mapillary/images/460745525028316.jpg,valid_v2,signage,not_visible,"No traffic, parking, street-name, or wayfinding signs are visible.",1.0,True,nvidia/nemotron-3-nano-omni-30b-a3b-reasoning,b1-prompt-v2,data/raw/vlm/460745525028316__b1-prompt-v2.json,,
460745525028316,Martin-Luther-Straße,2018-04-07T19:20:03+00:00,tp9rihzskdk248s8kj1ww5,data/raw/mapillary/images/460745525028316.jpg,valid_v2,barriers,visible,A metal fence acts as a barrier along the left sidewalk.,1.0,True,nvidia/nemotron-3-nano-omni-30b-a3b-reasoning,b1-prompt-v2,data/raw/vlm/460745525028316__b1-prompt-v2.json,,
460745525028316,Martin-Luther-Straße,2018-04-07T19:20:03+00:00,tp9rihzskdk248s8kj1ww5,data/raw/mapillary/images/460745525028316.jpg,valid_v2,public_transport,not_visible,"No trams, buses, tram tracks, or related public transport infrastructure are visible.",1.0,True,nvidia/nemotron-3-nano-omni-30b-a3b-reasoning,b1-prompt-v2,data/raw/vlm/460745525028316__b1-prompt-v2.json,,
460745525028316,Martin-Luther-Straße,2018-04-07T19:20:03+00:00,tp9rihzskdk248s8kj1ww5,data/raw/mapillary/images/460745525028316.jpg,valid_v2,building_frontage,visible,Continuous yellow and cream-colored building facades line both sides of the street.,1.0,True,nvidia/nemotron-3-nano-omni-30b-a3b-reasoning,b1-prompt-v2,data/raw/vlm/460745525028316__b1-prompt-v2.json,,
460745525028316,Martin-Luther-Straße,2018-04-07T19:20:03+00:00,tp9rihzskdk248s8kj1ww5,data/raw/mapillary/images/460745525028316.jpg,valid_v2,pedestrians,visible,A person is standing on the left sidewalk near the fence.,1.0,True,nvidia/nemotron-3-nano-omni-30b-a3b-reasoning,b1-prompt-v2,data/raw/vlm/460745525028316__b1-prompt-v2.json,,
460745525028316,Martin-Luther-Straße,2018-04-07T19:20:03+00:00,tp9rihzskdk248s8kj1ww5,data/raw/mapillary/images/460745525028316.jpg,valid_v2,cyclists,not_visible,No people riding or pushing bicycles are visible.,1.0,True,nvidia/nemotron-3-nano-omni-30b-a3b-reasoning,b1-prompt-v2,data/raw/vlm/460745525028316__b1-prompt-v2.json,,
460745525028316,Martin-Luther-Straße,2018-04-07T19:20:03+00:00,tp9rihzskdk248s8kj1ww5,data/raw/mapillary/images/460745525028316.jpg,valid_v2,motor_vehicles,not_visible,"No cars, vans, trucks, or motorcycles are visible on the roadway.",1.0,True,nvidia/nemotron-3-nano-omni-30b-a3b-reasoning,b1-prompt-v2,data/raw/vlm/460745525028316__b1-prompt-v2.json,,
399936865459221,,2022-08-10T15:41:58.672000+00:00,ilxAa4vqKMJZec3Ygw1khC,data/raw/mapillary/images/399936865459221.jpg,valid_v2,sidewalk,visible,"Paved area with interlocking stones and grass growing between them, forming a pedestrian surface.",0.95,True,nvidia/nemotron-3-nano-omni-30b-a3b-reasoning,b1-prompt-v2,data/raw/vlm/399936865459221__b1-prompt-v2.json,,
399936865459221,,2022-08-10T15:41:58.672000+00:00,ilxAa4vqKMJZec3Ygw1khC,data/raw/mapillary/images/399936865459221.jpg,valid_v2,roadway,not_visible,No roadway is visible in this view.,1.0,True,nvidia/nemotron-3-nano-omni-30b-a3b-reasoning,b1-prompt-v2,data/raw/vlm/399936865459221__b1-prompt-v2.json,,
399936865459221,,2022-08-10T15:41:58.672000+00:00,ilxAa4vqKMJZec3Ygw1khC,data/raw/mapillary/images/399936865459221.jpg,valid_v2,curb,visible,A low stone curb separates the paved area from the grassy planting bed on the left.,0.98,True,nvidia/nemotron-3-nano-omni-30b-a3b-reasoning,b1-prompt-v2,data/raw/vlm/399936865459221__b1-prompt-v2.json,,
399936865459221,,2022-08-10T15:41:58.672000+00:00,ilxAa4vqKMJZec3Ygw1khC,data/raw/mapillary/images/399936865459221.jpg,valid_v2,crossing,not_visible,No marked or defined pedestrian crossing is visible.,1.0,True,nvidia/nemotron-3-nano-omni-30b-a3b-reasoning,b1-prompt-v2,data/raw/vlm/399936865459221__b1-prompt-v2.json,,
399936865459221,,2022-08-10T15:41:58.672000+00:00,ilxAa4vqKMJZec3Ygw1khC,data/raw/mapillary/images/399936865459221.jpg,valid_v2,cycling_infrastructure,not_visible,No cycling infrastructure is visible.,1.0,True,nvidia/nemotron-3-nano-omni-30b-a3b-reasoning,b1-prompt-v2,data/raw/vlm/399936865459221__b1-prompt-v2.json,,
399936865459221,,2022-08-10T15:41:58.672000+00:00,ilxAa4vqKMJZec3Ygw1khC,data/raw/mapillary/images/399936865459221.jpg,valid_v2,parking,not_visible,No parking spaces or vehicles are visible.,1.0,True,nvidia/nemotron-3-nano-omni-30b-a3b-reasoning,b1-prompt-v2,data/raw/vlm/399936865459221__b1-prompt-v2.json,,
399936865459221,,2022-08-10T15:41:58.672000+00:00,ilxAa4vqKMJZec3Ygw1khC,data/raw/mapillary/images/399936865459221.jpg,valid_v2,trees_vegetation,visible,"A tree with green leaves is on the left, and grass and shrubs are in a planter bed.",0.97,True,nvidia/nemotron-3-nano-omni-30b-a3b-reasoning,b1-prompt-v2,data/raw/vlm/399936865459221__b1-prompt-v2.json,,
399936865459221,,2022-08-10T15:41:58.672000+00:00,ilxAa4vqKMJZec3Ygw1khC,data/raw/mapillary/images/399936865459221.jpg,valid_v2,street_furniture,visible,"A blue sign stand is present, and a wooden bench is on the right.",0.96,True,nvidia/nemotron-3-nano-omni-30b-a3b-reasoning,b1-prompt-v2,data/raw/vlm/399936865459221__b1-prompt-v2.json,,
399936865459221,,2022-08-10T15:41:58.672000+00:00,ilxAa4vqKMJZec3Ygw1khC,data/raw/mapillary/images/399936865459221.jpg,valid_v2,lighting,not_visible,No street lighting fixtures are visible.,1.0,True,nvidia/nemotron-3-nano-omni-30b-a3b-reasoning,b1-prompt-v2,data/raw/vlm/399936865459221__b1-prompt-v2.json,,
399936865459221,,2022-08-10T15:41:58.672000+00:00,ilxAa4vqKMJZec3Ygw1khC,data/raw/mapillary/images/399936865459221.jpg,valid_v2,signage,visible,A blue sign with a red smiley face and text is visible near the building entrance.,0.94,True,nvidia/nemotron-3-nano-omni-30b-a3b-reasoning,b1-prompt-v2,data/raw/vlm/399936865459221__b1-prompt-v2.json,,
399936865459221,,2022-08-10T15:41:58.672000+00:00,ilxAa4vqKMJZec3Ygw1khC,data/raw/mapillary/images/399936865459221.jpg,valid_v2,barriers,visible,Metal railings and posts form barriers around the building entrance and along the walkway.,0.95,True,nvidia/nemotron-3-nano-omni-30b-a3b-reasoning,b1-prompt-v2,data/raw/vlm/399936865459221__b1-prompt-v2.json,,
399936865459221,,2022-08-10T15:41:58.672000+00:00,ilxAa4vqKMJZec3Ygw1khC,data/raw/mapillary/images/399936865459221.jpg,valid_v2,public_transport,not_visible,No public transport vehicles or infrastructure are visible.,1.0,True,nvidia/nemotron-3-nano-omni-30b-a3b-reasoning,b1-prompt-v2,data/raw/vlm/399936865459221__b1-prompt-v2.json,,
399936865459221,,2022-08-10T15:41:58.672000+00:00,ilxAa4vqKMJZec3Ygw1khC,data/raw/mapillary/images/399936865459221.jpg,valid_v2,building_frontage,visible,A multi-story building with cream-colored facade and multiple windows lines the background.,0.98,True,nvidia/nemotron-3-nano-omni-30b-a3b-reasoning,b1-prompt-v2,data/raw/vlm/399936865459221__b1-prompt-v2.json,,
399936865459221,,2022-08-10T15:41:58.672000+00:00,ilxAa4vqKMJZec3Ygw1khC,data/raw/mapillary/images/399936865459221.jpg,valid_v2,pedestrians,visible,A person is walking near the building entrance on the left side.,0.93,True,nvidia/nemotron-3-nano-omni-30b-a3b-reasoning,b1-prompt-v2,data/raw/vlm/399936865459221__b1-prompt-v2.json,,
399936865459221,,2022-08-10T15:41:58.672000+00:00,ilxAa4vqKMJZec3Ygw1khC,data/raw/mapillary/images/399936865459221.jpg,valid_v2,cyclists,not_visible,No cyclists are visible.,1.0,True,nvidia/nemotron-3-nano-omni-30b-a3b-reasoning,b1-prompt-v2,data/raw/vlm/399936865459221__b1-prompt-v2.json,,
399936865459221,,2022-08-10T15:41:58.672000+00:00,ilxAa4vqKMJZec3Ygw1khC,data/raw/mapillary/images/399936865459221.jpg,valid_v2,motor_vehicles,not_visible,No motor vehicles are visible.,1.0,True,nvidia/nemotron-3-nano-omni-30b-a3b-reasoning,b1-prompt-v2,data/raw/vlm/399936865459221__b1-prompt-v2.json,,
1616802312752146,Böhmische Straße,2026-05-08T18:04:57+00:00,YaOPgjKRlxrk5Bt7IhHo0E,data/raw/mapillary/images/1616802312752146.jpg,valid_v2,sidewalk,visible,"A paved sidewalk runs along the right side of the street, with pedestrians walking on it.",0.95,True,nvidia/nemotron-3-nano-omni-30b-a3b-reasoning,b1-prompt-v2,data/raw/vlm/1616802312752146__b1-prompt-v2.json,,
1616802312752146,Böhmische Straße,2026-05-08T18:04:57+00:00,YaOPgjKRlxrk5Bt7IhHo0E,data/raw/mapillary/images/1616802312752146.jpg,valid_v2,roadway,visible,The asphalt roadway is visible in the foreground and extends down the street.,0.98,True,nvidia/nemotron-3-nano-omni-30b-a3b-reasoning,b1-prompt-v2,data/raw/vlm/1616802312752146__b1-prompt-v2.json,,
1616802312752146,Böhmische Straße,2026-05-08T18:04:57+00:00,YaOPgjKRlxrk5Bt7IhHo0E,data/raw/mapillary/images/1616802312752146.jpg,valid_v2,curb,visible,A raised curb separates the roadway from the sidewalk on the right side.,0.96,True,nvidia/nemotron-3-nano-omni-30b-a3b-reasoning,b1-prompt-v2,data/raw/vlm/1616802312752146__b1-prompt-v2.json,,
1616802312752146,Böhmische Straße,2026-05-08T18:04:57+00:00,YaOPgjKRlxrk5Bt7IhHo0E,data/raw/mapillary/images/1616802312752146.jpg,valid_v2,crossing,not_visible,No marked or physically defined pedestrian or cycle crossing is visible.,0.99,True,nvidia/nemotron-3-nano-omni-30b-a3b-reasoning,b1-prompt-v2,data/raw/vlm/1616802312752146__b1-prompt-v2.json,,
1616802312752146,Böhmische Straße,2026-05-08T18:04:57+00:00,YaOPgjKRlxrk5Bt7IhHo0E,data/raw/mapillary/images/1616802312752146.jpg,valid_v2,cycling_infrastructure,not_visible,No dedicated cycling infrastructure such as a cycle lane or track is visible.,0.97,True,nvidia/nemotron-3-nano-omni-30b-a3b-reasoning,b1-prompt-v2,data/raw/vlm/1616802312752146__b1-prompt-v2.json,,
1616802312752146,Böhmische Straße,2026-05-08T18:04:57+00:00,YaOPgjKRlxrk5Bt7IhHo0E,data/raw/mapillary/images/1616802312752146.jpg,valid_v2,parking,not_visible,No marked parking spaces or parked vehicles are visible.,0.98,True,nvidia/nemotron-3-nano-omni-30b-a3b-reasoning,b1-prompt-v2,data/raw/vlm/1616802312752146__b1-prompt-v2.json,,
1616802312752146,Böhmische Straße,2026-05-08T18:04:57+00:00,YaOPgjKRlxrk5Bt7IhHo0E,data/raw/mapillary/images/1616802312752146.jpg,valid_v2,trees_vegetation,not_visible,"No trees, shrubs, or other vegetation are visible in the image.",0.99,True,nvidia/nemotron-3-nano-omni-30b-a3b-reasoning,b1-prompt-v2,data/raw/vlm/1616802312752146__b1-prompt-v2.json,,
1616802312752146,Böhmische Straße,2026-05-08T18:04:57+00:00,YaOPgjKRlxrk5Bt7IhHo0E,data/raw/mapillary/images/1616802312752146.jpg,valid_v2,street_furniture,visible,A bicycle is parked against a green metal fence on the right sidewalk.,0.94,True,nvidia/nemotron-3-nano-omni-30b-a3b-reasoning,b1-prompt-v2,data/raw/vlm/1616802312752146__b1-prompt-v2.json,,
1616802312752146,Böhmische Straße,2026-05-08T18:04:57+00:00,YaOPgjKRlxrk5Bt7IhHo0E,data/raw/mapillary/images/1616802312752146.jpg,valid_v2,lighting,not_visible,No physical street-lighting fixtures are visible in the image.,0.98,True,nvidia/nemotron-3-nano-omni-30b-a3b-reasoning,b1-prompt-v2,data/raw/vlm/1616802312752146__b1-prompt-v2.json,,
1616802312752146,Böhmische Straße,2026-05-08T18:04:57+00:00,YaOPgjKRlxrk5Bt7IhHo0E,data/raw/mapillary/images/1616802312752146.jpg,valid_v2,signage,visible,A circular traffic sign is mounted on a pole on the left sidewalk.,0.96,True,nvidia/nemotron-3-nano-omni-30b-a3b-reasoning,b1-prompt-v2,data/raw/vlm/1616802312752146__b1-prompt-v2.json,,
1616802312752146,Böhmische Straße,2026-05-08T18:04:57+00:00,YaOPgjKRlxrk5Bt7IhHo0E,data/raw/mapillary/images/1616802312752146.jpg,valid_v2,barriers,visible,A green metal fence acts as a barrier along the right sidewalk.,0.95,True,nvidia/nemotron-3-nano-omni-30b-a3b-reasoning,b1-prompt-v2,data/raw/vlm/1616802312752146__b1-prompt-v2.json,,
1616802312752146,Böhmische Straße,2026-05-08T18:04:57+00:00,YaOPgjKRlxrk5Bt7IhHo0E,data/raw/mapillary/images/1616802312752146.jpg,valid_v2,public_transport,not_visible,"No trams, buses, or tram tracks are visible.",0.99,True,nvidia/nemotron-3-nano-omni-30b-a3b-reasoning,b1-prompt-v2,data/raw/vlm/1616802312752146__b1-prompt-v2.json,,
1616802312752146,Böhmische Straße,2026-05-08T18:04:57+00:00,YaOPgjKRlxrk5Bt7IhHo0E,data/raw/mapillary/images/1616802312752146.jpg,valid_v2,building_frontage,visible,Multi-story buildings with ground-floor shops line both sides of the street.,0.97,True,nvidia/nemotron-3-nano-omni-30b-a3b-reasoning,b1-prompt-v2,data/raw/vlm/1616802312752146__b1-prompt-v2.json,,
1616802312752146,Böhmische Straße,2026-05-08T18:04:57+00:00,YaOPgjKRlxrk5Bt7IhHo0E,data/raw/mapillary/images/1616802312752146.jpg,valid_v2,pedestrians,visible,Several pedestrians are walking on the sidewalk on the right side of the street.,0.95,True,nvidia/nemotron-3-nano-omni-30b-a3b-reasoning,b1-prompt-v2,data/raw/vlm/1616802312752146__b1-prompt-v2.json,,
1616802312752146,Böhmische Straße,2026-05-08T18:04:57+00:00,YaOPgjKRlxrk5Bt7IhHo0E,data/raw/mapillary/images/1616802312752146.jpg,valid_v2,cyclists,not_visible,No cyclists are visible in the image.,0.98,True,nvidia/nemotron-3-nano-omni-30b-a3b-reasoning,b1-prompt-v2,data/raw/vlm/1616802312752146__b1-prompt-v2.json,,
1616802312752146,Böhmische Straße,2026-05-08T18:04:57+00:00,YaOPgjKRlxrk5Bt7IhHo0E,data/raw/mapillary/images/1616802312752146.jpg,valid_v2,motor_vehicles,visible,A white van is visible in the distance down the street.,0.96,True,nvidia/nemotron-3-nano-omni-30b-a3b-reasoning,b1-prompt-v2,data/raw/vlm/1616802312752146__b1-prompt-v2.json,,
709179964757083,,2024-02-19T16:29:15.901000+00:00,sQvK8cz0Wxf7VqkICBdOD2,data/raw/mapillary/images/709179964757083.jpg,valid_v2,sidewalk,visible,A paved pedestrian surface made of large grey rectangular tiles is visible in the foreground and middle ground.,0.95,True,nvidia/nemotron-3-nano-omni-30b-a3b-reasoning,b1-prompt-v2,data/raw/vlm/709179964757083__b1-prompt-v2.json,,
709179964757083,,2024-02-19T16:29:15.901000+00:00,sQvK8cz0Wxf7VqkICBdOD2,data/raw/mapillary/images/709179964757083.jpg,valid_v2,roadway,visible,A paved roadway with white lane markings is visible on the left side of the image.,0.95,True,nvidia/nemotron-3-nano-omni-30b-a3b-reasoning,b1-prompt-v2,data/raw/vlm/709179964757083__b1-prompt-v2.json,,
709179964757083,,2024-02-19T16:29:15.901000+00:00,sQvK8cz0Wxf7VqkICBdOD2,data/raw/mapillary/images/709179964757083.jpg,valid_v2,curb,visible,A raised curb separates the sidewalk from the roadway on the left side.,0.95,True,nvidia/nemotron-3-nano-omni-30b-a3b-reasoning,b1-prompt-v2,data/raw/vlm/709179964757083__b1-prompt-v2.json,,
709179964757083,,2024-02-19T16:29:15.901000+00:00,sQvK8cz0Wxf7VqkICBdOD2,data/raw/mapillary/images/709179964757083.jpg,valid_v2,crossing,not_visible,No marked or physically defined pedestrian or cycle crossing is visible.,0.95,True,nvidia/nemotron-3-nano-omni-30b-a3b-reasoning,b1-prompt-v2,data/raw/vlm/709179964757083__b1-prompt-v2.json,,
709179964757083,,2024-02-19T16:29:15.901000+00:00,sQvK8cz0Wxf7VqkICBdOD2,data/raw/mapillary/images/709179964757083.jpg,valid_v2,cycling_infrastructure,visible,"A bicycle rack is visible on the sidewalk, holding two bicycles.",0.95,True,nvidia/nemotron-3-nano-omni-30b-a3b-reasoning,b1-prompt-v2,data/raw/vlm/709179964757083__b1-prompt-v2.json,,
709179964757083,,2024-02-19T16:29:15.901000+00:00,sQvK8cz0Wxf7VqkICBdOD2,data/raw/mapillary/images/709179964757083.jpg,valid_v2,parking,not_visible,No marked parking spaces or vehicles clearly parked at the kerb are visible.,0.95,True,nvidia/nemotron-3-nano-omni-30b-a3b-reasoning,b1-prompt-v2,data/raw/vlm/709179964757083__b1-prompt-v2.json,,
709179964757083,,2024-02-19T16:29:15.901000+00:00,sQvK8cz0Wxf7VqkICBdOD2,data/raw/mapillary/images/709179964757083.jpg,valid_v2,trees_vegetation,visible,Several leafless trees are visible along the sidewalk and in the background.,0.95,True,nvidia/nemotron-3-nano-omni-30b-a3b-reasoning,b1-prompt-v2,data/raw/vlm/709179964757083__b1-prompt-v2.json,,
709179964757083,,2024-02-19T16:29:15.901000+00:00,sQvK8cz0Wxf7VqkICBdOD2,data/raw/mapillary/images/709179964757083.jpg,valid_v2,street_furniture,visible,A cylindrical advertising pillar and a bicycle rack are visible on the sidewalk.,0.95,True,nvidia/nemotron-3-nano-omni-30b-a3b-reasoning,b1-prompt-v2,data/raw/vlm/709179964757083__b1-prompt-v2.json,,
709179964757083,,2024-02-19T16:29:15.901000+00:00,sQvK8cz0Wxf7VqkICBdOD2,data/raw/mapillary/images/709179964757083.jpg,valid_v2,lighting,not_visible,No physical street-lighting fixtures are clearly visible in the image.,0.95,True,nvidia/nemotron-3-nano-omni-30b-a3b-reasoning,b1-prompt-v2,data/raw/vlm/709179964757083__b1-prompt-v2.json,,
709179964757083,,2024-02-19T16:29:15.901000+00:00,sQvK8cz0Wxf7VqkICBdOD2,data/raw/mapillary/images/709179964757083.jpg,valid_v2,signage,visible,A cylindrical advertising pillar with text and images is visible on the sidewalk.,0.95,True,nvidia/nemotron-3-nano-omni-30b-a3b-reasoning,b1-prompt-v2,data/raw/vlm/709179964757083__b1-prompt-v2.json,,
709179964757083,,2024-02-19T16:29:15.901000+00:00,sQvK8cz0Wxf7VqkICBdOD2,data/raw/mapillary/images/709179964757083.jpg,valid_v2,barriers,not_visible,"No guardrails, fences, or barrier posts are visible.",0.95,True,nvidia/nemotron-3-nano-omni-30b-a3b-reasoning,b1-prompt-v2,data/raw/vlm/709179964757083__b1-prompt-v2.json,,
709179964757083,,2024-02-19T16:29:15.901000+00:00,sQvK8cz0Wxf7VqkICBdOD2,data/raw/mapillary/images/709179964757083.jpg,valid_v2,public_transport,not_visible,"No trams, buses, tram tracks, or stops are visible.",0.95,True,nvidia/nemotron-3-nano-omni-30b-a3b-reasoning,b1-prompt-v2,data/raw/vlm/709179964757083__b1-prompt-v2.json,,
709179964757083,,2024-02-19T16:29:15.901000+00:00,sQvK8cz0Wxf7VqkICBdOD2,data/raw/mapillary/images/709179964757083.jpg,valid_v2,building_frontage,visible,A multi-story building with windows and ground-floor shops is visible on the right side.,0.95,True,nvidia/nemotron-3-nano-omni-30b-a3b-reasoning,b1-prompt-v2,data/raw/vlm/709179964757083__b1-prompt-v2.json,,
709179964757083,,2024-02-19T16:29:15.901000+00:00,sQvK8cz0Wxf7VqkICBdOD2,data/raw/mapillary/images/709179964757083.jpg,valid_v2,pedestrians,visible,Two pedestrians are visible walking on the sidewalk in the middle ground.,0.95,True,nvidia/nemotron-3-nano-omni-30b-a3b-reasoning,b1-prompt-v2,data/raw/vlm/709179964757083__b1-prompt-v2.json,,
709179964757083,,2024-02-19T16:29:15.901000+00:00,sQvK8cz0Wxf7VqkICBdOD2,data/raw/mapillary/images/709179964757083.jpg,valid_v2,cyclists,visible,No people are visible riding or pushing bicycles; bicycles are parked.,0.95,True,nvidia/nemotron-3-nano-omni-30b-a3b-reasoning,b1-prompt-v2,data/raw/vlm/709179964757083__b1-prompt-v2.json,,
709179964757083,,2024-02-19T16:29:15.901000+00:00,sQvK8cz0Wxf7VqkICBdOD2,data/raw/mapillary/images/709179964757083.jpg,valid_v2,motor_vehicles,visible,"A car is visible in the distance on the roadway, and a motorcycle is visible further back.",0.95,True,nvidia/nemotron-3-nano-omni-30b-a3b-reasoning,b1-prompt-v2,data/raw/vlm/709179964757083__b1-prompt-v2.json,,
478782403204273,Bautzner Straße,2016-01-28T14:13:33.708000+00:00,VDiGwNco0xJJv0eKAJc-4A,data/raw/mapillary/images/478782403204273.jpg,valid_v2,sidewalk,visible,"A paved sidewalk runs along the left side of the road, separated by a metal barrier.",0.95,True,nvidia/nemotron-3-nano-omni-30b-a3b-reasoning,b1-prompt-v2,data/raw/vlm/478782403204273__b1-prompt-v2.json,,
478782403204273,Bautzner Straße,2016-01-28T14:13:33.708000+00:00,VDiGwNco0xJJv0eKAJc-4A,data/raw/mapillary/images/478782403204273.jpg,valid_v2,roadway,visible,"The asphalt roadway is visible in the foreground and middle ground, with vehicles traveling on it.",0.98,True,nvidia/nemotron-3-nano-omni-30b-a3b-reasoning,b1-prompt-v2,data/raw/vlm/478782403204273__b1-prompt-v2.json,,
478782403204273,Bautzner Straße,2016-01-28T14:13:33.708000+00:00,VDiGwNco0xJJv0eKAJc-4A,data/raw/mapillary/images/478782403204273.jpg,valid_v2,curb,visible,"A raised curb is visible along the left edge of the roadway, separating it from the sidewalk.",0.96,True,nvidia/nemotron-3-nano-omni-30b-a3b-reasoning,b1-prompt-v2,data/raw/vlm/478782403204273__b1-prompt-v2.json,,
478782403204273,Bautzner Straße,2016-01-28T14:13:33.708000+00:00,VDiGwNco0xJJv0eKAJc-4A,data/raw/mapillary/images/478782403204273.jpg,valid_v2,crossing,not_visible,No marked or physically defined pedestrian/cycle crossing is visible in this view.,0.99,True,nvidia/nemotron-3-nano-omni-30b-a3b-reasoning,b1-prompt-v2,data/raw/vlm/478782403204273__b1-prompt-v2.json,,
478782403204273,Bautzner Straße,2016-01-28T14:13:33.708000+00:00,VDiGwNco0xJJv0eKAJc-4A,data/raw/mapillary/images/478782403204273.jpg,valid_v2,cycling_infrastructure,not_visible,"No cycling infrastructure, such as cycle lanes or racks, is visible in this view.",0.99,True,nvidia/nemotron-3-nano-omni-30b-a3b-reasoning,b1-prompt-v2,data/raw/vlm/478782403204273__b1-prompt-v2.json,,
478782403204273,Bautzner Straße,2016-01-28T14:13:33.708000+00:00,VDiGwNco0xJJv0eKAJc-4A,data/raw/mapillary/images/478782403204273.jpg,valid_v2,parking,visible,"Vehicles are lined up along the right side of the road, indicating parking or stopped traffic.",0.97,True,nvidia/nemotron-3-nano-omni-30b-a3b-reasoning,b1-prompt-v2,data/raw/vlm/478782403204273__b1-prompt-v2.json,,
478782403204273,Bautzner Straße,2016-01-28T14:13:33.708000+00:00,VDiGwNco0xJJv0eKAJc-4A,data/raw/mapillary/images/478782403204273.jpg,valid_v2,trees_vegetation,visible,Bare deciduous trees and some evergreen trees are visible on the left side of the street.,0.98,True,nvidia/nemotron-3-nano-omni-30b-a3b-reasoning,b1-prompt-v2,data/raw/vlm/478782403204273__b1-prompt-v2.json,,
478782403204273,Bautzner Straße,2016-01-28T14:13:33.708000+00:00,VDiGwNco0xJJv0eKAJc-4A,data/raw/mapillary/images/478782403204273.jpg,valid_v2,street_furniture,visible,Street light poles and traffic signal poles are visible along the roadway.,0.99,True,nvidia/nemotron-3-nano-omni-30b-a3b-reasoning,b1-prompt-v2,data/raw/vlm/478782403204273__b1-prompt-v2.json,,
478782403204273,Bautzner Straße,2016-01-28T14:13:33.708000+00:00,VDiGwNco0xJJv0eKAJc-4A,data/raw/mapillary/images/478782403204273.jpg,valid_v2,lighting,visible,Street light fixtures are mounted on poles along the street.,0.98,True,nvidia/nemotron-3-nano-omni-30b-a3b-reasoning,b1-prompt-v2,data/raw/vlm/478782403204273__b1-prompt-v2.json,,
478782403204273,Bautzner Straße,2016-01-28T14:13:33.708000+00:00,VDiGwNco0xJJv0eKAJc-4A,data/raw/mapillary/images/478782403204273.jpg,valid_v2,signage,visible,A large yellow directional sign is visible on the right side of the road.,0.99,True,nvidia/nemotron-3-nano-omni-30b-a3b-reasoning,b1-prompt-v2,data/raw/vlm/478782403204273__b1-prompt-v2.json,,
478782403204273,Bautzner Straße,2016-01-28T14:13:33.708000+00:00,VDiGwNco0xJJv0eKAJc-4A,data/raw/mapillary/images/478782403204273.jpg,valid_v2,barriers,visible,"A metal guardrail runs along the left side of the roadway, separating it from the sidewalk.",0.97,True,nvidia/nemotron-3-nano-omni-30b-a3b-reasoning,b1-prompt-v2,data/raw/vlm/478782403204273__b1-prompt-v2.json,,
478782403204273,Bautzner Straße,2016-01-28T14:13:33.708000+00:00,VDiGwNco0xJJv0eKAJc-4A,data/raw/mapillary/images/478782403204273.jpg,valid_v2,public_transport,not_visible,"No trams, buses, or tram tracks are visible in this view.",0.99,True,nvidia/nemotron-3-nano-omni-30b-a3b-reasoning,b1-prompt-v2,data/raw/vlm/478782403204273__b1-prompt-v2.json,,
478782403204273,Bautzner Straße,2016-01-28T14:13:33.708000+00:00,VDiGwNco0xJJv0eKAJc-4A,data/raw/mapillary/images/478782403204273.jpg,valid_v2,building_frontage,visible,"Multi-story buildings line the right side of the street, forming the building frontage.",0.98,True,nvidia/nemotron-3-nano-omni-30b-a3b-reasoning,b1-prompt-v2,data/raw/vlm/478782403204273__b1-prompt-v2.json,,
478782403204273,Bautzner Straße,2016-01-28T14:13:33.708000+00:00,VDiGwNco0xJJv0eKAJc-4A,data/raw/mapillary/images/478782403204273.jpg,valid_v2,pedestrians,not_visible,No pedestrians are visible in this view.,0.99,True,nvidia/nemotron-3-nano-omni-30b-a3b-reasoning,b1-prompt-v2,data/raw/vlm/478782403204273__b1-prompt-v2.json,,
478782403204273,Bautzner Straße,2016-01-28T14:13:33.708000+00:00,VDiGwNco0xJJv0eKAJc-4A,data/raw/mapillary/images/478782403204273.jpg,valid_v2,cyclists,not_visible,No cyclists are visible in this view.,0.99,True,nvidia/nemotron-3-nano-omni-30b-a3b-reasoning,b1-prompt-v2,data/raw/vlm/478782403204273__b1-prompt-v2.json,,
478782403204273,Bautzner Straße,2016-01-28T14:13:33.708000+00:00,VDiGwNco0xJJv0eKAJc-4A,data/raw/mapillary/images/478782403204273.jpg,valid_v2,motor_vehicles,visible,"Multiple cars are visible on the road, including a dark SUV in the foreground and others in traffic.",0.99,True,nvidia/nemotron-3-nano-omni-30b-a3b-reasoning,b1-prompt-v2,data/raw/vlm/478782403204273__b1-prompt-v2.json,,
508680623658739,Rothenburger Straße,2019-07-16T18:01:44.069000+00:00,2usug2qkb9gfqwetmehyd3,data/raw/mapillary/images/508680623658739.jpg,valid_v2,sidewalk,visible,"Sidewalks are visible along both sides of the street, adjacent to the building frontages.",1.0,True,nvidia/nemotron-3-nano-omni-30b-a3b-reasoning,b1-prompt-v2,data/raw/vlm/508680623658739__b1-prompt-v2.json,,
508680623658739,Rothenburger Straße,2019-07-16T18:01:44.069000+00:00,2usug2qkb9gfqwetmehyd3,data/raw/mapillary/images/508680623658739.jpg,valid_v2,roadway,visible,"The roadway is visible, featuring tram tracks running down the center.",1.0,True,nvidia/nemotron-3-nano-omni-30b-a3b-reasoning,b1-prompt-v2,data/raw/vlm/508680623658739__b1-prompt-v2.json,,
508680623658739,Rothenburger Straße,2019-07-16T18:01:44.069000+00:00,2usug2qkb9gfqwetmehyd3,data/raw/mapillary/images/508680623658739.jpg,valid_v2,curb,visible,Curb is visible separating the roadway from the sidewalk on both sides.,1.0,True,nvidia/nemotron-3-nano-omni-30b-a3b-reasoning,b1-prompt-v2,data/raw/vlm/508680623658739__b1-prompt-v2.json,,
508680623658739,Rothenburger Straße,2019-07-16T18:01:44.069000+00:00,2usug2qkb9gfqwetmehyd3,data/raw/mapillary/images/508680623658739.jpg,valid_v2,crossing,not_visible,No marked or physically defined pedestrian/cycle crossing is visible.,1.0,True,nvidia/nemotron-3-nano-omni-30b-a3b-reasoning,b1-prompt-v2,data/raw/vlm/508680623658739__b1-prompt-v2.json,,
508680623658739,Rothenburger Straße,2019-07-16T18:01:44.069000+00:00,2usug2qkb9gfqwetmehyd3,data/raw/mapillary/images/508680623658739.jpg,valid_v2,cycling_infrastructure,not_visible,No cycling infrastructure is visible.,1.0,True,nvidia/nemotron-3-nano-omni-30b-a3b-reasoning,b1-prompt-v2,data/raw/vlm/508680623658739__b1-prompt-v2.json,,
508680623658739,Rothenburger Straße,2019-07-16T18:01:44.069000+00:00,2usug2qkb9gfqwetmehyd3,data/raw/mapillary/images/508680623658739.jpg,valid_v2,parking,visible,"Vehicles are parked along both sides of the street, indicating parking.",1.0,True,nvidia/nemotron-3-nano-omni-30b-a3b-reasoning,b1-prompt-v2,data/raw/vlm/508680623658739__b1-prompt-v2.json,,
508680623658739,Rothenburger Straße,2019-07-16T18:01:44.069000+00:00,2usug2qkb9gfqwetmehyd3,data/raw/mapillary/images/508680623658739.jpg,valid_v2,trees_vegetation,not_visible,No trees or vegetation are visible.,1.0,True,nvidia/nemotron-3-nano-omni-30b-a3b-reasoning,b1-prompt-v2,data/raw/vlm/508680623658739__b1-prompt-v2.json,,
508680623658739,Rothenburger Straße,2019-07-16T18:01:44.069000+00:00,2usug2qkb9gfqwetmehyd3,data/raw/mapillary/images/508680623658739.jpg,valid_v2,street_furniture,visible,A blue parking sign and a trash bin are visible on the left sidewalk.,1.0,True,nvidia/nemotron-3-nano-omni-30b-a3b-reasoning,b1-prompt-v2,data/raw/vlm/508680623658739__b1-prompt-v2.json,,
508680623658739,Rothenburger Straße,2019-07-16T18:01:44.069000+00:00,2usug2qkb9gfqwetmehyd3,data/raw/mapillary/images/508680623658739.jpg,valid_v2,lighting,not_visible,No physical street-lighting fixtures are visible.,1.0,True,nvidia/nemotron-3-nano-omni-30b-a3b-reasoning,b1-prompt-v2,data/raw/vlm/508680623658739__b1-prompt-v2.json,,
508680623658739,Rothenburger Straße,2019-07-16T18:01:44.069000+00:00,2usug2qkb9gfqwetmehyd3,data/raw/mapillary/images/508680623658739.jpg,valid_v2,signage,visible,"A brown sign for 'Bäcker' is visible on the left, and a blue 'P' parking sign is visible on the right.",1.0,True,nvidia/nemotron-3-nano-omni-30b-a3b-reasoning,b1-prompt-v2,data/raw/vlm/508680623658739__b1-prompt-v2.json,,
508680623658739,Rothenburger Straße,2019-07-16T18:01:44.069000+00:00,2usug2qkb9gfqwetmehyd3,data/raw/mapillary/images/508680623658739.jpg,valid_v2,barriers,not_visible,No barriers are visible.,1.0,True,nvidia/nemotron-3-nano-omni-30b-a3b-reasoning,b1-prompt-v2,data/raw/vlm/508680623658739__b1-prompt-v2.json,,
508680623658739,Rothenburger Straße,2019-07-16T18:01:44.069000+00:00,2usug2qkb9gfqwetmehyd3,data/raw/mapillary/images/508680623658739.jpg,valid_v2,public_transport,visible,"Tram tracks are visible in the roadway, indicating public transport infrastructure.",1.0,True,nvidia/nemotron-3-nano-omni-30b-a3b-reasoning,b1-prompt-v2,data/raw/vlm/508680623658739__b1-prompt-v2.json,,
508680623658739,Rothenburger Straße,2019-07-16T18:01:44.069000+00:00,2usug2qkb9gfqwetmehyd3,data/raw/mapillary/images/508680623658739.jpg,valid_v2,building_frontage,visible,"Building frontages line both sides of the street, with continuous facades.",1.0,True,nvidia/nemotron-3-nano-omni-30b-a3b-reasoning,b1-prompt-v2,data/raw/vlm/508680623658739__b1-prompt-v2.json,,
508680623658739,Rothenburger Straße,2019-07-16T18:01:44.069000+00:00,2usug2qkb9gfqwetmehyd3,data/raw/mapillary/images/508680623658739.jpg,valid_v2,pedestrians,not_visible,No pedestrians are visible.,1.0,True,nvidia/nemotron-3-nano-omni-30b-a3b-reasoning,b1-prompt-v2,data/raw/vlm/508680623658739__b1-prompt-v2.json,,
508680623658739,Rothenburger Straße,2019-07-16T18:01:44.069000+00:00,2usug2qkb9gfqwetmehyd3,data/raw/mapillary/images/508680623658739.jpg,valid_v2,cyclists,not_visible,No cyclists are visible.,1.0,True,nvidia/nemotron-3-nano-omni-30b-a3b-reasoning,b1-prompt-v2,data/raw/vlm/508680623658739__b1-prompt-v2.json,,
508680623658739,Rothenburger Straße,2019-07-16T18:01:44.069000+00:00,2usug2qkb9gfqwetmehyd3,data/raw/mapillary/images/508680623658739.jpg,valid_v2,motor_vehicles,visible,"Multiple motor vehicles, including cars and vans, are visible on the roadway and parked along the sides.",1.0,True,nvidia/nemotron-3-nano-omni-30b-a3b-reasoning,b1-prompt-v2,data/raw/vlm/508680623658739__b1-prompt-v2.json,,
932582530826779,Glacisstraße,2016-12-07T13:07:31.632000+00:00,gkfzjqesc2ov167t395jdg,data/raw/mapillary/images/932582530826779.jpg,recovered_v2,sidewalk,visible,"Sidewalks are visible on both sides of the roadway, with pedestrians walking on the right sidewalk.",0.9,True,nvidia/nemotron-3-nano-omni-30b-a3b-reasoning,b1-prompt-v2,data/raw/vlm/932582530826779__b1-prompt-v2.json,,
932582530826779,Glacisstraße,2016-12-07T13:07:31.632000+00:00,gkfzjqesc2ov167t395jdg,data/raw/mapillary/images/932582530826779.jpg,recovered_v2,roadway,visible,"The roadway is visible, with vehicles traveling in both directions and a double yellow line marking the center.",0.9,True,nvidia/nemotron-3-nano-omni-30b-a3b-reasoning,b1-prompt-v2,data/raw/vlm/932582530826779__b1-prompt-v2.json,,
932582530826779,Glacisstraße,2016-12-07T13:07:31.632000+00:00,gkfzjqesc2ov167t395jdg,data/raw/mapillary/images/932582530826779.jpg,recovered_v2,curb,visible,"Curb is visible along the edges of the roadway, separating it from the sidewalks.",0.9,True,nvidia/nemotron-3-nano-omni-30b-a3b-reasoning,b1-prompt-v2,data/raw/vlm/932582530826779__b1-prompt-v2.json,,
932582530826779,Glacisstraße,2016-12-07T13:07:31.632000+00:00,gkfzjqesc2ov167t395jdg,data/raw/mapillary/images/932582530826779.jpg,recovered_v2,crossing,not_visible,No marked or physically defined pedestrian/cycle crossing is visible in this view.,0.9,True,nvidia/nemotron-3-nano-omni-30b-a3b-reasoning,b1-prompt-v2,data/raw/vlm/932582530826779__b1-prompt-v2.json,,
932582530826779,Glacisstraße,2016-12-07T13:07:31.632000+00:00,gkfzjqesc2ov167t395jdg,data/raw/mapillary/images/932582530826779.jpg,recovered_v2,cycling_infrastructure,not_visible,No cycling infrastructure is visible in this image.,0.9,True,nvidia/nemotron-3-nano-omni-30b-a3b-reasoning,b1-prompt-v2,data/raw/vlm/932582530826779__b1-prompt-v2.json,,
932582530826779,Glacisstraße,2016-12-07T13:07:31.632000+00:00,gkfzjqesc2ov167t395jdg,data/raw/mapillary/images/932582530826779.jpg,recovered_v2,parking,visible,"Vehicles are parked along the right curb, indicating parking spaces are present.",0.9,True,nvidia/nemotron-3-nano-omni-30b-a3b-reasoning,b1-prompt-v2,data/raw/vlm/932582530826779__b1-prompt-v2.json,,
932582530826779,Glacisstraße,2016-12-07T13:07:31.632000+00:00,gkfzjqesc2ov167t395jdg,data/raw/mapillary/images/932582530826779.jpg,recovered_v2,trees_vegetation,visible,"Trees and vegetation are visible on both sides of the street, including bare trees and evergreens.",0.9,True,nvidia/nemotron-3-nano-omni-30b-a3b-reasoning,b1-prompt-v2,data/raw/vlm/932582530826779__b1-prompt-v2.json,,
932582530826779,Glacisstraße,2016-12-07T13:07:31.632000+00:00,gkfzjqesc2ov167t395jdg,data/raw/mapillary/images/932582530826779.jpg,recovered_v2,street_furniture,visible,"Street furniture includes a lamppost, a trash bin, and a signpost on the right sidewalk.",0.9,True,nvidia/nemotron-3-nano-omni-30b-a3b-reasoning,b1-prompt-v2,data/raw/vlm/932582530826779__b1-prompt-v2.json,,
932582530826779,Glacisstraße,2016-12-07T13:07:31.632000+00:00,gkfzjqesc2ov167t395jdg,data/raw/mapillary/images/932582530826779.jpg,recovered_v2,lighting,visible,"Street lighting fixtures are visible, including a lamppost on the left and another on the right.",0.9,True,nvidia/nemotron-3-nano-omni-30b-a3b-reasoning,b1-prompt-v2,data/raw/vlm/932582530826779__b1-prompt-v2.json,,
932582530826779,Glacisstraße,2016-12-07T13:07:31.632000+00:00,gkfzjqesc2ov167t395jdg,data/raw/mapillary/images/932582530826779.jpg,recovered_v2,signage,visible,"Signage is visible, including a green sign on a pole on the left and a building sign on the right.",0.9,True,nvidia/nemotron-3-nano-omni-30b-a3b-reasoning,b1-prompt-v2,data/raw/vlm/932582530826779__b1-prompt-v2.json,,
932582530826779,Glacisstraße,2016-12-07T13:07:31.632000+00:00,gkfzjqesc2ov167t395jdg,data/raw/mapillary/images/932582530826779.jpg,recovered_v2,barriers,not_visible,No barriers are visible in this image.,0.9,True,nvidia/nemotron-3-nano-omni-30b-a3b-reasoning,b1-prompt-v2,data/raw/vlm/932582530826779__b1-prompt-v2.json,,
932582530826779,Glacisstraße,2016-12-07T13:07:31.632000+00:00,gkfzjqesc2ov167t395jdg,data/raw/mapillary/images/932582530826779.jpg,recovered_v2,public_transport,not_visible,No public transport vehicles or infrastructure are visible in this image.,0.9,True,nvidia/nemotron-3-nano-omni-30b-a3b-reasoning,b1-prompt-v2,data/raw/vlm/932582530826779__b1-prompt-v2.json,,
932582530826779,Glacisstraße,2016-12-07T13:07:31.632000+00:00,gkfzjqesc2ov167t395jdg,data/raw/mapillary/images/932582530826779.jpg,recovered_v2,building_frontage,visible,"Building frontage is visible along both sides of the street, with multiple multi-story buildings.",0.9,True,nvidia/nemotron-3-nano-omni-30b-a3b-reasoning,b1-prompt-v2,data/raw/vlm/932582530826779__b1-prompt-v2.json,,
932582530826779,Glacisstraße,2016-12-07T13:07:31.632000+00:00,gkfzjqesc2ov167t395jdg,data/raw/mapillary/images/932582530826779.jpg,recovered_v2,pedestrians,visible,Pedestrians are visible walking on the right sidewalk and crossing the street.,0.9,True,nvidia/nemotron-3-nano-omni-30b-a3b-reasoning,b1-prompt-v2,data/raw/vlm/932582530826779__b1-prompt-v2.json,,
932582530826779,Glacisstraße,2016-12-07T13:07:31.632000+00:00,gkfzjqesc2ov167t395jdg,data/raw/mapillary/images/932582530826779.jpg,recovered_v2,cyclists,not_visible,No cyclists are visible in this image.,0.9,True,nvidia/nemotron-3-nano-omni-30b-a3b-reasoning,b1-prompt-v2,data/raw/vlm/932582530826779__b1-prompt-v2.json,,
932582530826779,Glacisstraße,2016-12-07T13:07:31.632000+00:00,gkfzjqesc2ov167t395jdg,data/raw/mapillary/images/932582530826779.jpg,recovered_v2,motor_vehicles,visible,"Multiple motor vehicles are visible, including a white van in the center, a black car on the left, and a white van on the right.",0.9,True,nvidia/nemotron-3-nano-omni-30b-a3b-reasoning,b1-prompt-v2,data/raw/vlm/932582530826779__b1-prompt-v2.json,,
1172482813194388,Louisenstraße,2014-06-12T18:13:37+00:00,szwfpv8h4ca5hqrz3vlnno,data/raw/mapillary/images/1172482813194388.jpg,valid_v2,sidewalk,not_visible,No sidewalk can be determined from this view.,0.9,True,nvidia/nemotron-3-nano-omni-30b-a3b-reasoning,b1-prompt-v2,data/raw/vlm/1172482813194388__b1-prompt-v2.json,,
1172482813194388,Louisenstraße,2014-06-12T18:13:37+00:00,szwfpv8h4ca5hqrz3vlnno,data/raw/mapillary/images/1172482813194388.jpg,valid_v2,roadway,visible,The roadway is visible with vehicles traveling on it.,0.95,True,nvidia/nemotron-3-nano-omni-30b-a3b-reasoning,b1-prompt-v2,data/raw/vlm/1172482813194388__b1-prompt-v2.json,,
1172482813194388,Louisenstraße,2014-06-12T18:13:37+00:00,szwfpv8h4ca5hqrz3vlnno,data/raw/mapillary/images/1172482813194388.jpg,valid_v2,curb,uncertain,The curb is not clearly visible; its presence is uncertain.,0.6,True,nvidia/nemotron-3-nano-omni-30b-a3b-reasoning,b1-prompt-v2,data/raw/vlm/1172482813194388__b1-prompt-v2.json,,
1172482813194388,Louisenstraße,2014-06-12T18:13:37+00:00,szwfpv8h4ca5hqrz3vlnno,data/raw/mapillary/images/1172482813194388.jpg,valid_v2,crossing,not_visible,No crossing is visible in this view.,0.9,True,nvidia/nemotron-3-nano-omni-30b-a3b-reasoning,b1-prompt-v2,data/raw/vlm/1172482813194388__b1-prompt-v2.json,,
1172482813194388,Louisenstraße,2014-06-12T18:13:37+00:00,szwfpv8h4ca5hqrz3vlnno,data/raw/mapillary/images/1172482813194388.jpg,valid_v2,cycling_infrastructure,not_visible,No cycling infrastructure is visible in this view.,0.9,True,nvidia/nemotron-3-nano-omni-30b-a3b-reasoning,b1-prompt-v2,data/raw/vlm/1172482813194388__b1-prompt-v2.json,,
1172482813194388,Louisenstraße,2014-06-12T18:13:37+00:00,szwfpv8h4ca5hqrz3vlnno,data/raw/mapillary/images/1172482813194388.jpg,valid_v2,parking,visible,"A parking sign is visible, and vehicles are parked along the curb.",0.9,True,nvidia/nemotron-3-nano-omni-30b-a3b-reasoning,b1-prompt-v2,data/raw/vlm/1172482813194388__b1-prompt-v2.json,,
1172482813194388,Louisenstraße,2014-06-12T18:13:37+00:00,szwfpv8h4ca5hqrz3vlnno,data/raw/mapillary/images/1172482813194388.jpg,valid_v2,trees_vegetation,visible,A large green tree is visible on the left side of the street.,0.95,True,nvidia/nemotron-3-nano-omni-30b-a3b-reasoning,b1-prompt-v2,data/raw/vlm/1172482813194388__b1-prompt-v2.json,,
1172482813194388,Louisenstraße,2014-06-12T18:13:37+00:00,szwfpv8h4ca5hqrz3vlnno,data/raw/mapillary/images/1172482813194388.jpg,valid_v2,street_furniture,not_visible,No street furniture is visible in this view.,0.9,True,nvidia/nemotron-3-nano-omni-30b-a3b-reasoning,b1-prompt-v2,data/raw/vlm/1172482813194388__b1-prompt-v2.json,,
1172482813194388,Louisenstraße,2014-06-12T18:13:37+00:00,szwfpv8h4ca5hqrz3vlnno,data/raw/mapillary/images/1172482813194388.jpg,valid_v2,lighting,not_visible,No physical street lighting fixtures are visible in this view.,0.9,True,nvidia/nemotron-3-nano-omni-30b-a3b-reasoning,b1-prompt-v2,data/raw/vlm/1172482813194388__b1-prompt-v2.json,,
1172482813194388,Louisenstraße,2014-06-12T18:13:37+00:00,szwfpv8h4ca5hqrz3vlnno,data/raw/mapillary/images/1172482813194388.jpg,valid_v2,signage,visible,A red circular sign and a blue parking sign are visible on the right side.,0.95,True,nvidia/nemotron-3-nano-omni-30b-a3b-reasoning,b1-prompt-v2,data/raw/vlm/1172482813194388__b1-prompt-v2.json,,
1172482813194388,Louisenstraße,2014-06-12T18:13:37+00:00,szwfpv8h4ca5hqrz3vlnno,data/raw/mapillary/images/1172482813194388.jpg,valid_v2,barriers,not_visible,No barriers are visible in this view.,0.9,True,nvidia/nemotron-3-nano-omni-30b-a3b-reasoning,b1-prompt-v2,data/raw/vlm/1172482813194388__b1-prompt-v2.json,,
1172482813194388,Louisenstraße,2014-06-12T18:13:37+00:00,szwfpv8h4ca5hqrz3vlnno,data/raw/mapillary/images/1172482813194388.jpg,valid_v2,public_transport,not_visible,No public transport vehicles or infrastructure are visible in this view.,0.9,True,nvidia/nemotron-3-nano-omni-30b-a3b-reasoning,b1-prompt-v2,data/raw/vlm/1172482813194388__b1-prompt-v2.json,,
1172482813194388,Louisenstraße,2014-06-12T18:13:37+00:00,szwfpv8h4ca5hqrz3vlnno,data/raw/mapillary/images/1172482813194388.jpg,valid_v2,building_frontage,visible,Multiple building facades line both sides of the street.,0.95,True,nvidia/nemotron-3-nano-omni-30b-a3b-reasoning,b1-prompt-v2,data/raw/vlm/1172482813194388__b1-prompt-v2.json,,
1172482813194388,Louisenstraße,2014-06-12T18:13:37+00:00,szwfpv8h4ca5hqrz3vlnno,data/raw/mapillary/images/1172482813194388.jpg,valid_v2,pedestrians,not_visible,No pedestrians are visible in this view.,0.9,True,nvidia/nemotron-3-nano-omni-30b-a3b-reasoning,b1-prompt-v2,data/raw/vlm/1172482813194388__b1-prompt-v2.json,,
1172482813194388,Louisenstraße,2014-06-12T18:13:37+00:00,szwfpv8h4ca5hqrz3vlnno,data/raw/mapillary/images/1172482813194388.jpg,valid_v2,cyclists,visible,A cyclist is visible in the middle of the roadway.,0.9,True,nvidia/nemotron-3-nano-omni-30b-a3b-reasoning,b1-prompt-v2,data/raw/vlm/1172482813194388__b1-prompt-v2.json,,
1172482813194388,Louisenstraße,2014-06-12T18:13:37+00:00,szwfpv8h4ca5hqrz3vlnno,data/raw/mapillary/images/1172482813194388.jpg,valid_v2,motor_vehicles,visible,"Several motor vehicles, including vans and cars, are visible on the roadway.",0.95,True,nvidia/nemotron-3-nano-omni-30b-a3b-reasoning,b1-prompt-v2,data/raw/vlm/1172482813194388__b1-prompt-v2.json,,
904858026737408,,2017-10-27T09:43:59.527000+00:00,10-ek7zZyxDqVLwgmA61Gw,data/raw/mapillary/images/904858026737408.jpg,valid_v2,sidewalk,visible,Wet cobblestone sidewalk on the right side of the street.,0.95,True,nvidia/nemotron-3-nano-omni-30b-a3b-reasoning,b1-prompt-v2,data/raw/vlm/904858026737408__b1-prompt-v2.json,,
904858026737408,,2017-10-27T09:43:59.527000+00:00,10-ek7zZyxDqVLwgmA61Gw,data/raw/mapillary/images/904858026737408.jpg,valid_v2,roadway,visible,Wet asphalt roadway with tram tracks embedded in the surface.,0.98,True,nvidia/nemotron-3-nano-omni-30b-a3b-reasoning,b1-prompt-v2,data/raw/vlm/904858026737408__b1-prompt-v2.json,,
904858026737408,,2017-10-27T09:43:59.527000+00:00,10-ek7zZyxDqVLwgmA61Gw,data/raw/mapillary/images/904858026737408.jpg,valid_v2,curb,visible,Cobblestone curb separating the roadway from the sidewalk on both sides.,0.97,True,nvidia/nemotron-3-nano-omni-30b-a3b-reasoning,b1-prompt-v2,data/raw/vlm/904858026737408__b1-prompt-v2.json,,
904858026737408,,2017-10-27T09:43:59.527000+00:00,10-ek7zZyxDqVLwgmA61Gw,data/raw/mapillary/images/904858026737408.jpg,valid_v2,crossing,not_visible,No marked or physically defined pedestrian/cycle crossing is visible.,0.99,True,nvidia/nemotron-3-nano-omni-30b-a3b-reasoning,b1-prompt-v2,data/raw/vlm/904858026737408__b1-prompt-v2.json,,
904858026737408,,2017-10-27T09:43:59.527000+00:00,10-ek7zZyxDqVLwgmA61Gw,data/raw/mapillary/images/904858026737408.jpg,valid_v2,cycling_infrastructure,visible,Bicycle rack located on the left sidewalk near the parked cars.,0.96,True,nvidia/nemotron-3-nano-omni-30b-a3b-reasoning,b1-prompt-v2,data/raw/vlm/904858026737408__b1-prompt-v2.json,,
904858026737408,,2017-10-27T09:43:59.527000+00:00,10-ek7zZyxDqVLwgmA61Gw,data/raw/mapillary/images/904858026737408.jpg,valid_v2,parking,visible,Multiple cars are parked along the left curb.,0.98,True,nvidia/nemotron-3-nano-omni-30b-a3b-reasoning,b1-prompt-v2,data/raw/vlm/904858026737408__b1-prompt-v2.json,,
904858026737408,,2017-10-27T09:43:59.527000+00:00,10-ek7zZyxDqVLwgmA61Gw,data/raw/mapillary/images/904858026737408.jpg,valid_v2,trees_vegetation,visible,Tree branches with green leaves are visible in the top-left corner.,0.94,True,nvidia/nemotron-3-nano-omni-30b-a3b-reasoning,b1-prompt-v2,data/raw/vlm/904858026737408__b1-prompt-v2.json,,
904858026737408,,2017-10-27T09:43:59.527000+00:00,10-ek7zZyxDqVLwgmA61Gw,data/raw/mapillary/images/904858026737408.jpg,valid_v2,street_furniture,visible,A chalkboard sign for 'Treiberegt' and a wooden bench are on the right sidewalk.,0.93,True,nvidia/nemotron-3-nano-omni-30b-a3b-reasoning,b1-prompt-v2,data/raw/vlm/904858026737408__b1-prompt-v2.json,,
904858026737408,,2017-10-27T09:43:59.527000+00:00,10-ek7zZyxDqVLwgmA61Gw,data/raw/mapillary/images/904858026737408.jpg,valid_v2,lighting,not_visible,No physical street-lighting fixtures are visible in this view.,0.99,True,nvidia/nemotron-3-nano-omni-30b-a3b-reasoning,b1-prompt-v2,data/raw/vlm/904858026737408__b1-prompt-v2.json,,
904858026737408,,2017-10-27T09:43:59.527000+00:00,10-ek7zZyxDqVLwgmA61Gw,data/raw/mapillary/images/904858026737408.jpg,valid_v2,signage,visible,A blue circular sign with a red border and a red diagonal line is on the left.,0.97,True,nvidia/nemotron-3-nano-omni-30b-a3b-reasoning,b1-prompt-v2,data/raw/vlm/904858026737408__b1-prompt-v2.json,,
904858026737408,,2017-10-27T09:43:59.527000+00:00,10-ek7zZyxDqVLwgmA61Gw,data/raw/mapillary/images/904858026737408.jpg,valid_v2,barriers,not_visible,"No guardrails, fences, barrier posts, or access barriers are visible.",0.99,True,nvidia/nemotron-3-nano-omni-30b-a3b-reasoning,b1-prompt-v2,data/raw/vlm/904858026737408__b1-prompt-v2.json,,
904858026737408,,2017-10-27T09:43:59.527000+00:00,10-ek7zZyxDqVLwgmA61Gw,data/raw/mapillary/images/904858026737408.jpg,valid_v2,public_transport,visible,"Tram tracks run along the roadway, indicating public transport infrastructure.",0.98,True,nvidia/nemotron-3-nano-omni-30b-a3b-reasoning,b1-prompt-v2,data/raw/vlm/904858026737408__b1-prompt-v2.json,,
904858026737408,,2017-10-27T09:43:59.527000+00:00,10-ek7zZyxDqVLwgmA61Gw,data/raw/mapillary/images/904858026737408.jpg,valid_v2,building_frontage,visible,Multi-story buildings with ground-floor shops line both sides of the street.,0.96,True,nvidia/nemotron-3-nano-omni-30b-a3b-reasoning,b1-prompt-v2,data/raw/vlm/904858026737408__b1-prompt-v2.json,,
904858026737408,,2017-10-27T09:43:59.527000+00:00,10-ek7zZyxDqVLwgmA61Gw,data/raw/mapillary/images/904858026737408.jpg,valid_v2,pedestrians,visible,A few pedestrians are visible in the distance near the yellow DHL truck.,0.92,True,nvidia/nemotron-3-nano-omni-30b-a3b-reasoning,b1-prompt-v2,data/raw/vlm/904858026737408__b1-prompt-v2.json,,
904858026737408,,2017-10-27T09:43:59.527000+00:00,10-ek7zZyxDqVLwgmA61Gw,data/raw/mapillary/images/904858026737408.jpg,valid_v2,cyclists,visible,A person is pushing a bicycle on the left sidewalk.,0.95,True,nvidia/nemotron-3-nano-omni-30b-a3b-reasoning,b1-prompt-v2,data/raw/vlm/904858026737408__b1-prompt-v2.json,,
904858026737408,,2017-10-27T09:43:59.527000+00:00,10-ek7zZyxDqVLwgmA61Gw,data/raw/mapillary/images/904858026737408.jpg,valid_v2,motor_vehicles,visible,"A red car, several other cars, a yellow DHL truck, and a red DPD van are visible.",0.98,True,nvidia/nemotron-3-nano-omni-30b-a3b-reasoning,b1-prompt-v2,data/raw/vlm/904858026737408__b1-prompt-v2.json,,
